,ID,t,phi,f,P,mw,w10m,v,r,resid^2,rf,fit,,,,,
0,1726,-24,126,1.52E-05,998,35,2.99,0,612.7919487,1.616525583,0,1.271426593,,,R^2 New,,X^2
1,1726,-21,125.8,1.53E-05,1000,17.5,3.55,7.48706412,590.8070648,8.484698105,0,2.912850512,,,0.0838,,81.2022
2,1726,-18,125.6,1.54E-05,1002,0,4.57,7.485741164,568.8741088,26.24890852,0,5.123368864,,,# of obs,,Conclusion
3,1726,-15,125.4,1.55E-05,1002,0,3.7,8.139850821,544.290236,15.32801762,0,3.915101227,,,969,,1
4,1726,-12,125.2,1.56E-05,1002,0,3.23,8.137387239,519.7201399,13.12747156,0,3.623185279,,,# deg freedom,,
5,1726,-9,124.7,1.57E-05,1003,0,3.58,18.21110899,469.5330444,52.65681854,0,7.256501812,,,960,,
6,1726,-6,124.2,1.57E-05,1004,0,3.96,18.20762988,420.4958242,104.5780038,0,10.22633873,,,,,
7,1726,-3,123.45,1.56E-05,1004,0,4.17,27.74623736,366.8547105,131.228971,2.1,13.55552142,,,,,
8,1726,0,122.7,1.54E-05,1004,0,4.14,27.76141063,325.7359011,121.9746967,4.08,15.12421553,,,,,
9,1726,3,122.2,1.49E-05,1004,0,5.68,23.42472396,338.2741814,55.63610753,10.53,17.98896156,,,,,
10,1726,6,121.7,1.44E-05,1004,0,7.38,23.44483573,364.0667943,130.3143135,9.57,20.98552949,,,,,
11,1726,9,121.05,1.40E-05,1004,0,7.35,26.13994006,388.8969423,59.35666496,12.3,20.00432768,,,,,
12,1726,12,120.4,1.36E-05,1004,0,6.8,26.16163125,426.8853954,289.5336092,0,17.01568715,,,,,
13,1726,15,120.05,1.35E-05,1004,0,6.58,13.2866408,445.0454328,214.4644036,0,14.64460322,,,,,
14,1726,18,119.7,1.34E-05,1004,0,6.32,13.29066215,465.9265121,168.6101201,0,12.98499596,,,,,
15,1726,21,119.25,1.33E-05,1004,0,6.29,16.5194928,488.160047,145.2048637,0,12.05009808,,,,,
16,1726,24,118.8,1.33E-05,1004,0,5.22,16.52213759,514.2344762,66.85576911,0,8.176537721,,,,,
17,1826,-24,125.65,2.11E-05,962.5,75,2.46,0,558.6582413,3.918641381,0,-1.979555854,,,,,
18,1826,-21,125.2,2.10E-05,955,80,2.08,16.40769924,511.2903282,0.285722062,0,-0.534529758,,,,,
19,1826,-18,124.7,2.10E-05,955,80,1.89,17.7613865,465.141121,0.800476458,0,0.894693499,,,,,
20,1826,-15,124.2,2.10E-05,955,80,2.71,17.7613865,420.6817425,21.05709588,0,4.588801137,,,,,
21,1826,-12,123.6,2.10E-05,955,80,2.6,21.3136638,370.4171433,42.39633336,0.03,6.541246682,,,,,
22,1826,-9,123,2.10E-05,955,80,2.18,21.3136638,324.9946037,52.63093032,0.03,7.284717798,,,,,
23,1826,-6,122.3,2.09E-05,962.5,75,2.63,25.1525209,271.7335126,130.0828829,0.06,11.46538833,,,,,
24,1826,-3,121.6,2.08E-05,970,70,2.91,25.16536731,231.085258,163.9109509,1.62,14.42277122,,,,,
25,1826,0,120.85,2.07E-05,977.5,62.5,3.47,26.74096663,216.3985274,263.9444692,0.63,16.87636788,,,,,
26,1826,3,120.1,2.07E-05,985,55,4.34,26.74785768,230.4995118,338.4791329,0.3,18.69780239,,,,,
27,1826,6,119.6,2.09E-05,985,55,6.05,19.24930835,275.3468705,112.3455246,9.51,20.10931718,,,,,
28,1826,9,119.1,2.11E-05,985,55,6.41,19.23204746,324.199513,0.045291807,18.42,18.63281872,,,,,
29,1826,12,118.85,2.13E-05,987.5,52.5,5.26,9.611671618,349.5923433,14.73868942,17.85,14.01089992,,,,,
30,1826,15,118.6,2.14E-05,990,50,4.03,9.607294936,375.448011,6.335864605,12.42,9.902885659,,,,,
31,1826,18,118.4,2.16E-05,990,50,3.2,10.24425832,405.9897359,40.92783648,0,6.397486732,,,,,
32,1826,21,118.2,2.19E-05,990,50,2.72,10.23893761,436.4986692,13.35518512,0,3.654474671,,,,,
33,1826,24,117.95,2.22E-05,991,47.5,2.72,14.18386802,478.6245454,3.293690572,0,1.814852769,,,,,
34,1330,-24,129.1,1.29E-05,895,125,5.42,0,1014.800085,294.0437644,0,-17.14770435,,,,,
35,1330,-21,128,1.31E-05,895,125,4.42,40.82238305,898.9036237,142.8055767,0,-11.95012873,,,,,
36,1330,-18,126.9,1.34E-05,895,125,3.07,40.79685414,785.2976456,113.6699439,0,-10.66161075,,,,,
37,1330,-15,125.85,1.36E-05,902.5,117.5,3.05,38.98003347,679.3403085,36.81959695,0,-6.067915371,,,,,
38,1330,-12,124.8,1.39E-05,910,110,3.6,38.95478982,577.9120916,0.04076827,0,-0.201911539,,,,,
39,1330,-9,123.65,1.41E-05,925,100,4.51,42.50837737,477.0215273,58.90815554,0,7.675164854,,,,,
40,1330,-6,122.5,1.44E-05,940,90,4.76,42.47964169,392.2265383,6.30091462,10.47,12.98016227,,,,,
41,1330,-3,121.5,1.47E-05,940,90,6.36,37.49999997,332.6281374,169.5656455,31.74,18.71826258,,,,,
42,1330,0,120.5,1.50E-05,940,90,7.64,37.46799418,304.626243,21.81030001,27.36,22.68985011,,,,,
43,1330,3,119.25,1.52E-05,940,90,8.35,45.6991426,340.4249828,16.58476315,19.11,23.18243946,,,,,
44,1330,6,118,1.54E-05,940,90,9.21,45.67382788,420.0678868,465.280957,0,21.5703722,,,,,
45,1330,9,117.3,1.54E-05,940,90,9.25,25.45041893,478.2208478,307.7118622,0,17.54171777,,,,,
46,1330,12,116.6,1.55E-05,940,90,8.79,25.44561273,540.8750935,183.0607825,0,13.52999566,,,,,
47,1330,15,115.7,1.62E-05,940,90,8.12,39.39827996,603.5613653,95.78603082,0,9.787033811,,,,,
48,1330,18,114.8,1.70E-05,940,90,7.58,39.33251862,680.3095907,22.22215974,0,4.714038581,,,,,
49,1330,21,113.95,1.75E-05,942.5,87.5,6.35,34.84324735,763.1932636,5.374054122,0,-2.318200622,,,,,
50,1330,24,113.1,1.81E-05,945,85,5.43,34.79006681,850.1780544,72.19411045,0,-8.496711743,,,,,
51,2002,-24,125.05,1.67E-05,1006,0,3.68,0,463.8355444,53.78040572,0,7.333512509,,,,,
52,2002,-21,124.7,1.72E-05,1006,0,2.35,19.44527929,414.4186821,52.93307118,0,7.275511747,,,,,
53,2002,-18,124.3,1.76E-05,1006,0,2.14,18.18099327,364.5829584,0.745724312,7.62,8.483553306,,,,,
54,2002,-15,123.9,1.80E-05,1006,0,1.9,18.16600441,316.5491294,18.90569423,13.98,9.631932127,,,,,
55,2002,-12,123.4,1.82E-05,1005,0,1.75,19.42610955,260.8316866,0.197133651,11.79,11.34600265,,,,,
56,2002,-9,122.9,1.85E-05,1004,0,1.76,19.41103207,206.7740281,57.86318253,5.64,13.2467853,,,,,
57,2002,-6,122.35,1.87E-05,1004,0,2.45,21.06425236,150.7600559,225.1632051,2.16,17.16543919,,,,,
58,2002,-3,121.8,1.89E-05,1004,0,2.16,21.04700514,103.6942248,317.9048008,0.39,18.21988505,,,,,
59,2002,0,121.15,1.94E-05,1003,0,2.13,26.60963624,95.57198381,250.703899,2.55,18.3836319,,,,,
60,2002,3,120.5,1.98E-05,1002,0,0.69,26.57504098,142.3999295,9.644622415,9.33,12.43557924,,,,,
61,2002,6,119.95,2.00E-05,1002,0,1.19,20.39229786,185.7718403,24.93316424,16.08,11.08668805,,,,,
62,2002,9,119.4,2.02E-05,1002,0,3.14,20.37811226,237.0459969,97.07317808,23.19,13.33742784,,,,,
63,2002,12,118.85,2.03E-05,1001,0,4.08,20.36379822,292.0355701,666.1142171,38.7,12.89081138,,,,,
64,2002,15,118.3,2.05E-05,1000,0,5.55,20.34935585,348.9422836,360.1206768,32.58,13.60315419,,,,,
65,2002,18,117.95,2.08E-05,999,17.5,4.79,14.478948,392.0367055,62.9071326,18.27,10.33859832,,,,,
66,2002,21,117.6,2.10E-05,998,35,3.95,14.4677759,435.0812774,53.8797175,0,7.340280478,,,,,
67,2002,24,117.15,2.14E-05,998,35,2.41,20.54787755,495.9692521,1.291367972,0,1.136383726,,,,,
68,1409,-24,126.25,1.59E-05,962.5,67.5,0.45,0,611.8870412,59.62471059,0,-7.721703866,,,,,
69,1409,-21,125.6,1.60E-05,960,70,1.7,23.60170553,544.1725625,0.267770958,0,-0.517465901,,,,,
70,1409,-18,125.15,1.61E-05,955,75,1.78,16.69779516,494.744205,0.533700147,0,0.73054784,,,,,
71,1409,-15,124.7,1.62E-05,950,80,2,16.69147687,445.5417394,7.847181731,0,2.801282158,,,,,
72,1409,-12,124.05,1.65E-05,947.5,82.5,2.55,25.24158398,369.6337962,44.14853354,14.16,7.515563716,,,,,
73,1409,-9,123.4,1.69E-05,945,85,2.96,25.21912211,293.949009,443.0491026,32.28,11.23126839,,,,,
74,1409,-6,122.65,1.72E-05,945,85,3.08,29.22662249,206.4051973,440.5967994,36.24,15.24960221,,,,,
75,1409,-3,121.9,1.76E-05,945,85,2.9,29.19439029,119.678222,110.1737475,28.68,18.1836317,,,,,
76,1409,0,121.15,1.77E-05,952.5,77.5,5.2,27.24369073,58.81026375,20.68856697,21.93,26.47846864,,,,,
77,1409,3,120.4,1.78E-05,960,70,5.26,27.23192808,77.19744621,0.48065557,26.82,26.12670672,,,,,
78,1409,6,119.7,1.84E-05,962.5,67.5,5.68,30.14290393,138.1869027,329.5585616,42.66,24.50625213,,,,,
79,1409,9,119,1.89E-05,965,65,6.69,30.099378,220.0288367,417.7487361,43.68,23.24109748,,,,,
80,1409,12,118.3,1.89E-05,967.5,62.5,9.23,25.07771505,293.4754995,18.29596002,21.57,25.8473777,,,,,
81,1409,15,117.6,1.89E-05,970,60,7.63,25.07771505,367.6453466,0.330475843,19.38,18.80512972,,,,,
82,1409,18,117.2,1.93E-05,970,60,5.28,17.04069548,414.3625267,104.9236443,0,10.24322431,,,,,
83,1409,21,116.8,1.96E-05,970,60,3.14,17.02622197,461.8264399,7.660097217,0,2.767688063,,,,,
84,1409,24,116.2,1.99E-05,965,62.5,2.54,24.11703653,531.7962034,3.91637507,0,-1.978983343,,,,,
85,1325,-24,125.75,1.92E-05,977.5,62.5,1.75,0,517.7282557,0.001002082,0,-0.031655679,,,,,
86,1325,-21,125.4,1.92E-05,975,65,1.27,12.52697141,480.6003323,0.897508914,0,0.947369471,,,,,
87,1325,-18,124.95,1.92E-05,972.5,67.5,1.28,16.1061061,432.979296,8.470939708,0,2.910487881,,,,,
88,1325,-15,124.5,1.92E-05,970,70,1.38,16.1061061,385.5318168,4.521028926,2.7,4.826271132,,,,,
89,1325,-12,123.9,1.92E-05,970,70,1.42,21.47480813,322.6708067,24.59065377,2.85,7.808896426,,,,,
90,1325,-9,123.3,1.92E-05,970,70,1.4,21.47480813,260.5746153,45.95460921,3.45,10.2289829,,,,,
91,1325,-6,122.85,1.93E-05,970,70,2.37,16.20812801,216.9150115,51.51863385,6.66,13.83764821,,,,,
92,1325,-3,122.4,1.93E-05,970,70,3.42,16.2042901,175.9326104,12.11850988,21.42,17.93883498,,,,,
93,1325,0,121.45,1.94E-05,972.5,67.5,3.71,34.02761346,106.4388374,319.8470998,40.71,22.82573038,,,,,
94,1325,3,120.5,1.94E-05,975,65,4.31,34.01941778,112.0617763,132.5600943,35.52,24.00652553,,,,,
95,1325,6,119.75,1.93E-05,975,65,5.63,27.40468372,156.0331391,7.02094824,27.33,24.6802928,,,,,
96,1325,9,119,1.91E-05,975,65,5.02,27.42347612,222.9666188,7.378429558,22.95,20.23367352,,,,,
97,1325,12,118.6,1.91E-05,972.5,67.5,4.01,14.32335264,264.3113048,85.17099204,23.97,14.74118686,,,,,
98,1325,15,118.2,1.91E-05,970,70,4.53,14.32335264,306.1040188,164.9401682,26.7,13.85709658,,,,,
99,1325,18,117.6,1.89E-05,970,70,5.72,21.81114279,367.6453466,2.161013442,15.99,14.51996141,,,,,
100,1325,21,117,1.88E-05,970,70,5.23,21.82108475,430.4383279,110.4020951,0,10.50724013,,,,,
101,1325,24,116.35,1.89E-05,967.5,72.5,4.32,23.36524042,500.4183453,25.38456233,0,5.038309471,,,,,
102,1914,-24,126.3,2.27E-05,1008,0,2.05,0,689.5697204,65.7457242,0,-8.108373709,,,,,
103,1914,-21,126.1,2.27E-05,1007,0,1.8,7.290596043,669.2794308,58.27727564,0,-7.633955439,,,,,
104,1914,-18,125.9,2.26E-05,1006,0,1.92,7.292544045,649.071402,45.66846947,0,-6.757845032,,,,,
105,1914,-15,125.45,2.26E-05,1006,0,3.31,15.87163909,611.5614084,1.876123223,0,-1.369716475,,,,,
106,1914,-12,125,2.26E-05,1006,0,3.99,15.87163909,575.5479028,2.649230795,0,1.627645783,,,,,
107,1914,-9,124.4,2.26E-05,1006,0,3.25,21.16218545,530.3830829,3.874979011,0,1.968496637,,,,,
108,1914,-6,123.8,2.26E-05,1006,0,2.06,21.16218545,489.3037159,0.44964261,0,0.670553958,,,,,
109,1914,-3,123.25,2.27E-05,1006,0,2.02,19.73736996,465.5880032,1.600526496,0,1.265119163,,,,,
110,1914,0,122.7,2.28E-05,1006,0,1.87,19.7264154,448.5557161,1.98923835,0,1.410403612,,,,,
111,1914,3,122.3,2.36E-05,1005,0,1.98,26.26592902,496.5611649,0.268674829,0,-0.518338527,,,,,
112,1914,6,121.9,2.43E-05,1004,0,1.86,26.23904813,551.8435543,14.04085688,0,-3.74711314,,,,,
113,1914,9,121.2,2.40E-05,1004,0,2.27,26.20848644,516.1306765,1.72706763,0,-1.314179451,,,,,
114,1914,12,120.5,2.37E-05,1004,0,3.31,26.24320311,490.50458,4.887452999,0,2.210758467,,,,,
115,1914,15,119.55,2.39E-05,1003,0,3.86,33.7596924,526.5224979,4.519711326,0,2.125961271,,,,,
116,1914,18,118.6,2.40E-05,1002,0,2.36,33.72972288,578.1544813,16.58067222,0,-4.071937158,,,,,
117,1914,21,117.95,2.39E-05,1002,0,2.08,23.45058951,596.8393844,41.38957524,0,-6.433473031,,,,,
118,1914,24,117.3,2.37E-05,1002,0,1.62,23.47063256,623.0796587,77.02167684,0,-8.776199453,,,,,
119,1724,-24,126.35,1.47E-05,1005,0,4.13,0,667.9970278,0.104796754,0,0.323723268,,,,,
120,1724,-21,125.6,1.52E-05,1004,0,2.4,30.97358519,574.3263632,3.483504537,0,1.866414889,,,,,
121,1724,-18,124.95,1.56E-05,1005,0,2.45,26.03922536,495.902524,22.965182,0,4.792200121,,,,,
122,1724,-15,124.3,1.60E-05,1006,0,2.37,26.01443846,417.6875953,60.0321109,0,7.748039165,,,,,
123,1724,-12,123.55,1.64E-05,1005,0,2.61,29.29918779,330.5465911,67.39157393,3.6,11.80923711,,,,,
124,1724,-9,122.8,1.67E-05,1004,0,2.64,29.26854214,244.3880429,73.1177006,6.57,15.12088888,,,,,
125,1724,-6,122.15,1.70E-05,1004,0,4.61,25.20544721,172.2109836,90.16200128,12.87,22.36536736,,,,,
126,1724,-3,121.5,1.73E-05,1004,0,5.04,25.18232647,105.3435278,24.02200563,21.06,25.96122491,,,,,
127,1724,0,120.9,1.77E-05,1004,0,4.41,24.27762926,56.64976819,348.2869484,44.79,26.12755246,,,,,
128,1724,3,120.3,1.81E-05,1004,0,3.6,24.25215356,76.96753567,896.7696222,52.92,22.97388803,,,,,
129,1724,6,119.75,1.85E-05,1003,17.5,2.35,22.64583038,133.1032901,936.7220713,48.84,18.23408437,,,,,
130,1724,9,119.2,1.88E-05,1002,35,2.73,22.62200862,196.6025899,252.5509971,33.15,17.25814683,,,,,
131,1724,12,118.85,1.94E-05,1002,35,4.28,20.82752501,247.2838438,1047.623761,50.67,18.30298344,,,,,
132,1724,15,118.5,1.99E-05,1002,35,3.29,20.81115625,302.1578491,2783.51632,65.97,13.21095982,,,,,
133,1724,18,118.05,2.05E-05,1002,35,3.6,24.4682718,371.1706085,5.703584213,13.26,10.87178221,,,,,
134,1724,21,117.6,2.11E-05,1002,35,3.55,24.44118485,441.2377161,54.1037822,0,7.355527323,,,,,
135,1724,24,117.3,2.13E-05,1001,35,2.14,12.00239104,476.7061548,1.344176911,0,1.159386437,,,,,
136,1829,-24,127.7,1.34E-05,1002,0,2.58,0,858.9052651,131.6814781,0,-11.47525503,,,,,
137,1829,-21,127.25,1.36E-05,1003,0,4.4,17.9930736,804.9284273,12.98640386,0,-3.603665337,,,,,
138,1829,-18,126.8,1.39E-05,1004,0,5.19,17.98304023,751.0639588,0.204617902,0,0.452347104,,,,,
139,1829,-15,126.1,1.41E-05,1004,0,4.89,26.53195234,674.5415668,11.23177493,0,3.351384032,,,,,
140,1829,-12,125.4,1.44E-05,1004,0,3.14,26.51490052,599.0117361,4.252495978,0,2.062158087,,,,,
141,1829,-9,124.45,1.41E-05,1005,0,2.79,35.36219412,534.8651995,21.60674401,0,4.648305499,,,,,
142,1829,-6,123.5,1.39E-05,1006,0,2.64,35.38535325,485.4215965,41.19671558,0,6.418466762,,,,,
143,1829,-3,122.55,1.37E-05,1005,0,2.74,35.06270992,450.4508453,61.8776858,0,7.86623708,,,,,
144,1829,0,121.6,1.35E-05,1004,0,3.31,35.07974319,438.4458081,90.05420332,0,9.489689316,,,,,
145,1829,3,120.85,1.34E-05,1005,0,4.26,27.60387671,444.5370508,120.331017,0,10.96954954,,,,,
146,1829,6,120.1,1.33E-05,1006,0,5.7,27.61268877,465.5213952,183.087747,0,13.53099209,,,,,
147,1829,9,119.25,1.34E-05,1006,0,5.25,31.48979794,477.930705,143.1454275,0,11.96433983,,,,,
148,1829,12,118.4,1.36E-05,1006,0,4.49,31.47467516,507.8426093,73.7329289,0,8.586788044,,,,,
149,1829,15,117.7,1.39E-05,1005,17.5,3.54,27.11813474,533.0328587,32.79607321,0,5.726785591,,,,,
150,1829,18,117,1.42E-05,1004,35,3.25,27.09750466,568.6727522,18.67998521,0,4.322034846,,,,,
151,1829,21,116.3,1.44E-05,1004,35,3.25,26.05514889,619.2413198,3.32894711,0,1.824540246,,,,,
152,1829,24,115.6,1.46E-05,1004,35,3.05,26.04187839,674.9677325,1.694061551,0,-1.301561198,,,,,
153,1311,-24,126.45,1.80E-05,952.5,82.5,1.66,0,590.3563213,24.7488342,0,-4.974820017,,,,,
154,1311,-21,125.9,1.82E-05,950,85,1.36,20.52277952,530.1356319,4.329427591,0,-2.080727659,,,,,
155,1311,-18,125.35,1.86E-05,945,87.5,1.12,22.63794118,470.5919764,0.667161059,0,-0.816799277,,,,,
156,1311,-15,124.8,1.89E-05,940,90,1.34,22.61396535,413.9939184,1.723663348,0,1.3128836,,,,,
157,1311,-12,124.15,1.92E-05,932.5,97.5,1.66,24.41237023,348.793565,5.125367818,6.45,4.18607248,,,,,
158,1311,-9,123.5,1.94E-05,925,105,1.17,24.39107837,287.8002891,42.33903816,11.34,4.833154515,,,,,
159,1311,-6,122.85,1.98E-05,930,100,1.99,25.72471907,240.076505,66.31807176,17.1,8.956409161,,,,,
160,1311,-3,122.2,2.02E-05,935,95,2.64,25.69345963,210.9960277,26.46831734,16.92,11.77526314,,,,,
161,1311,0,121.5,2.05E-05,945,85,3.37,27.2772972,206.8199031,0.088836884,13.92,14.21805517,,,,,
162,1311,3,120.8,2.09E-05,955,75,4.43,27.24195593,233.3957655,46.77631895,9.15,15.98932153,,,,,
163,1311,6,120,2.12E-05,960,72.5,4.75,29.8637248,280.5558665,27.3142523,9.93,15.15630388,,,,,
164,1311,9,119.2,2.15E-05,965,70,4.5,29.82758853,344.8301564,0.651888172,11.22,12.02739592,,,,,
165,1311,12,118.6,2.19E-05,965,70,4.63,24.86471559,413.290977,76.16986708,0,8.727534995,,,,,
166,1311,15,118,2.24E-05,965,70,5.87,24.82945647,483.3088348,69.78104708,0,8.353505078,,,,,
167,1311,18,117.25,2.24E-05,965,70,4.25,26.5398124,542.3084884,3.460126313,0,1.860141477,,,,,
168,1311,21,116.5,2.25E-05,965,70,4.34,26.5323361,605.9842263,0.759452427,0,-0.871465677,,,,,
169,1311,24,115.85,2.27E-05,962.5,70,3.77,23.58135659,670.512144,33.94984073,0,-5.826649185,,,,,
170,1510,-24,125,1.93E-05,990,40,3.76,0,440.1512506,67.4102871,0,8.210376794,,,,,
171,1510,-21,124.8,1.97E-05,990,40,3.42,14.78651547,428.3469913,74.61544797,0,8.638023383,,,,,
172,1510,-18,124.6,2.02E-05,990,40,3.77,14.78063406,421.0396799,89.08608309,0,9.438542424,,,,,
173,1510,-15,124.2,2.04E-05,987.5,42.5,3.81,16.05255992,391.9425824,2.450596852,8.88,10.44543823,,,,,
174,1510,-12,123.8,2.07E-05,985,45,3.71,16.0396011,367.0414354,0.012786162,10.92,10.80692409,,,,,
175,1510,-9,123.4,2.08E-05,985,45,4.22,15.26454709,343.5684733,81.32718392,3.75,12.76815857,,,,,
176,1510,-6,123,2.10E-05,985,45,4.98,15.25414,324.9946037,89.13166262,5.7,15.14095666,,,,,
177,1510,-3,122.8,2.11E-05,985,45,4.92,8.006615797,320.0032559,11.63216405,11.07,14.48059585,,,,,
178,1510,0,122.6,2.13E-05,985,45,3.61,8.003272638,316.7869072,47.54185994,4.32,11.21506055,,,,,
179,1510,3,122.3,2.16E-05,987.5,42.5,3.71,14.09089928,325.3387384,108.0478483,1.02,11.41460669,,,,,
180,1510,6,122,2.19E-05,990,40,4.15,14.08000982,339.0558762,58.29690207,4.14,11.7752408,,,,,
181,1510,9,121.15,2.22E-05,991,40,4.1,31.43053278,349.5769836,69.35578756,3.96,12.28801222,,,,,
182,1510,12,120.3,2.25E-05,992,40,2.8,31.39018704,383.730857,41.99326682,1.05,7.530221201,,,,,
183,1510,15,120.05,2.24E-05,992,40,3.83,9.016852387,384.2218493,41.19787585,1.83,8.248557147,,,,,
184,1510,18,119.8,2.24E-05,992,40,6.47,9.019290292,386.6172269,18.36111671,10.05,14.33498736,,,,,
185,1510,21,119.65,2.25E-05,992,40,6.54,7.66801259,407.5882682,176.9734741,0,13.30313775,,,,,
186,1510,24,119.5,2.27E-05,992,40,4.45,7.664905716,428.7500836,50.65892707,0,7.117508487,,,,,
187,1929,-24,124.9,1.44E-05,975,75,4.26,0,556.0443757,44.22148432,0,6.649923632,,,,,
188,1929,-21,124.15,1.46E-05,972.5,77.5,4.39,28.24727934,480.0498843,139.2946286,0,11.80231454,,,,,
189,1929,-18,123.4,1.49E-05,970,80,2.71,28.22827671,407.7150178,107.5610766,0,10.37116564,,,,,
190,1929,-15,122.9,1.49E-05,972.5,77.5,2.49,18.25178753,370.2078492,71.20107555,2.28,10.71807298,,,,,
191,1929,-12,122.4,1.50E-05,975,75,2.89,18.24847321,337.4745266,73.86421731,4.44,13.03442943,,,,,
192,1929,-9,121.85,1.51E-05,977.5,72.5,3.48,20.30236463,304.0253823,98.51175819,6.06,15.98530897,,,,,
193,1929,-6,121.3,1.52E-05,980,70,3.94,20.29505459,280.0175387,172.1733117,4.95,18.07148283,,,,,
194,1929,-3,120.7,1.55E-05,982.5,67.5,5.1,22.97628995,257.5171415,31.45743609,16.29,21.8986929,,,,,
195,1929,0,120.1,1.57E-05,985,65,5.62,22.96050267,252.4087636,148.4278357,11.1,23.28309631,,,,,
196,1929,3,119.7,1.59E-05,988.5,60,5.37,15.50870476,257.7172226,3.722867554,23.73,21.80052661,,,,,
197,1929,6,119.3,1.61E-05,992,55,5.02,15.50071978,270.9735842,395.9529105,40.17,20.27143446,,,,,
198,1929,9,118.95,1.63E-05,988.5,60,4.13,13.81960991,286.8807349,8.597728508,14.01,16.94218835,,,,,
199,1929,12,118.6,1.65E-05,985,65,3.94,13.81260065,307.5240474,1.607225574,13.95,15.21776401,,,,,
200,1929,15,118.3,1.67E-05,980,70,3.64,12.17349499,327.1825703,1.007226754,11.94,12.94360687,,,,,
201,1929,18,118,1.69E-05,975,75,2.86,12.16752677,349.4932684,21.84224079,14.19,9.516431685,,,,,
202,1929,21,117.85,1.72E-05,980,70,3.18,10.71291239,354.9861177,2.411511151,8.46,10.0129041,,,,,
203,1929,24,117.7,1.75E-05,985,65,3.51,10.71004822,363.1799219,47.91719623,3.6,10.5222248,,,,,
204,1102,-24,127.35,1.69E-05,940,90,0.91,0,701.2144919,151.555474,0,-12.3107869,,,,,
205,1102,-21,127.2,1.73E-05,935,95,0.98,14.02931716,678.0805217,116.8171753,0,-10.80819945,,,,,
206,1102,-18,126.85,1.79E-05,932.5,97.5,1.52,20.86903353,634.3210507,59.51159761,0,-7.714376035,,,,,
207,1102,-15,126.5,1.85E-05,930,100,1.73,20.85383501,594.2283772,36.77808339,0,-6.064493663,,,,,
208,1102,-12,126.15,1.90E-05,925,102.5,1.76,20.83819525,558.5766077,28.66299538,0,-5.353783277,,,,,
209,1102,-9,125.8,1.96E-05,920,105,1.97,20.8221171,528.246723,20.00941009,0,-4.473187911,,,,,
210,1102,-6,125.45,1.99E-05,920,105,3.31,16.70817195,499.4732466,0.355147388,0,-0.595942437,,,,,
211,1102,-3,125.1,2.03E-05,920,105,3.55,16.69419107,474.4786684,0.527641359,0,0.726389261,,,,,
212,1102,0,124.8,2.09E-05,920,105,4.04,21.34938788,468.8308928,4.360461999,0,2.088171927,,,,,
213,1102,3,124.5,2.15E-05,920,105,4.17,21.33552052,472.1551261,3.47389545,0,1.863838901,,,,,
214,1102,6,124.2,2.20E-05,920,105,4.22,19.73965142,480.3905187,1.345056435,0,1.159765681,,,,,
215,1102,9,123.9,2.26E-05,920,105,3.68,19.72546014,495.822223,1.432339155,0,-1.196803724,,,,,
216,1102,12,123.65,2.33E-05,925,102.5,4.03,23.87286721,534.5698609,2.613604826,0,-1.616664723,,,,,
217,1102,15,123.4,2.40E-05,930,100,4.6,23.86169261,579.7834367,4.330695894,0,-2.081032411,,,,,
218,1102,18,123.25,2.47E-05,930,97.5,4.77,21.01073786,628.7863907,20.93933503,0,-4.575951817,,,,,
219,1102,21,123.1,2.53E-05,930,95,5.29,21.00657642,680.1782432,37.07180544,0,-6.08866204,,,,,
220,1102,24,123.2,2.60E-05,935,92.5,4.15,20.64186674,741.1226539,129.0655187,0,-11.36070062,,,,,
221,1003,-24,122.95,1.96E-05,1008,0,1.36,0,240.7529615,47.90944286,3.51,10.43166475,,,,,
222,1003,-21,122.8,1.94E-05,1008,0,0.64,7.717193626,218.8745625,8.335706553,7.2,10.08716237,,,,,
223,1003,-18,122.6,1.93E-05,1008,0,0.9,8.054501233,194.7952209,20.9855746,7.05,11.63100148,,,,,
224,1003,-15,122.4,1.92E-05,1008,0,1.39,8.057542056,170.6972476,79.31651598,4.8,13.70598203,,,,,
225,1003,-12,122.25,1.91E-05,1008,0,1.86,6.521770172,151.3940738,108.348182,5.01,15.41904328,,,,,
226,1003,-9,122.1,1.89E-05,1008,0,1.48,6.523855074,132.1361788,70.86912098,6.81,15.22837995,,,,,
227,1003,-6,121.7,1.90E-05,1007,0,1.26,14.44563365,98.06764456,45.78264203,9.6,16.36628717,,,,,
228,1003,-3,121.3,1.91E-05,1006,0,1.05,14.44227133,74.41094786,48.6457231,9.54,16.5146486,,,,,
229,1003,0,120.6,1.89E-05,1006,0,0.62,25.68996244,64.30804836,76.93805469,7.83,16.60143402,,,,,
230,1003,3,119.9,1.87E-05,1006,0,0.56,25.70711406,120.9584371,61.329915,6.09,13.92134184,,,,,
231,1003,6,119.4,1.86E-05,1005,0,1.58,18.31514028,171.666934,14.40695027,9.6,13.39564886,,,,,
232,1003,9,118.9,1.85E-05,1004,0,1.38,18.3232127,224.4543557,2.554387086,11.97,10.371755,,,,,
233,1003,12,118.35,1.84E-05,1004,0,1.48,19.83149818,283.5344535,1.880137302,9.42,8.048819012,,,,,
234,1003,15,117.8,1.83E-05,1004,0,2.05,19.83597517,342.8024685,4.960835785,8.97,6.742706624,,,,,
235,1003,18,117.4,1.86E-05,1003,0,1.41,17.06897241,386.413766,43.84157566,9.33,2.708702872,,,,,
236,1003,21,117,1.89E-05,1002,0,1.31,17.0549458,431.5126155,0.012132662,0,0.110148365,,,,,
237,1003,24,116.8,1.94E-05,1001,17.5,3.39,16.43397798,459.510047,21.56808044,0,4.644144748,,,,,
238,1220,-24,117.2,1.93E-05,992,45,1.48,0,415.4111979,17.31932884,0,4.161649774,,,,,
239,1220,-21,117.45,1.93E-05,991,47.5,1.34,9.134894572,388.1032305,60.25446695,13.29,5.527624916,,,,,
240,1220,-18,117.7,1.92E-05,990,50,1.58,9.136989268,360.7826295,27.02838541,12.39,7.191116908,,,,,
241,1220,-15,117.85,1.92E-05,990,50,2.55,5.368702033,345.066929,9.431376266,12.84,9.768945415,,,,,
242,1220,-12,118,1.92E-05,990,50,2.77,5.368702033,329.3889472,34.12939521,16.65,10.80796309,,,,,
243,1220,-9,118.1,1.91E-05,991,47.5,2.88,4.029527666,317.7349046,104.0440879,21.51,11.30979962,,,,,
244,1220,-6,118.2,1.91E-05,992,45,1.98,4.030281924,306.1040188,19.57102133,13.86,9.436085294,,,,,
245,1220,-3,118.25,1.89E-05,992,45,1.95,4.109943099,298.755712,3.104745144,7.83,9.592028701,,,,,
246,1220,0,118.3,1.88E-05,992,45,3.49,4.110299817,291.7326043,12.36102295,9.96,13.47582465,,,,,
247,1220,3,118.25,1.88E-05,992,45,3.91,2.575628899,296.3471391,19.47520779,9.6,14.01307237,,,,,
248,1220,6,118.2,1.87E-05,992,45,3.61,2.575917188,301.0939669,86.97402868,3.63,12.95598674,,,,,
249,1220,9,118.1,1.85E-05,993,42.5,3.57,6.607761423,310.6934526,125.9657321,1.38,12.60344564,,,,,
250,1220,12,118,1.83E-05,994,40,3.23,6.609078078,321.2575113,97.56343752,1.32,11.19742059,,,,,
251,1220,15,117.7,1.82E-05,994,40,3.04,11.39448257,353.9237843,59.09902761,1.86,9.547589194,,,,,
252,1220,18,117.4,1.81E-05,994,40,2.08,11.39906489,386.9047639,18.53683775,1.38,5.685442806,,,,,
253,1220,21,117,1.81E-05,994,40,2.78,14.49157019,429.6140436,31.25097383,0,5.590257045,,,,,
254,1220,24,116.6,1.82E-05,994,40,2.62,14.48835941,472.427447,9.981108383,0,3.159289221,,,,,
255,1213,-24,125.9,2.10E-05,992,40,2.69,0,577.9651109,0.321981566,0,-0.567434195,,,,,
256,1213,-21,125.55,2.11E-05,992,40,3,12.96533666,549.2007112,4.517746637,0,2.12549915,,,,,
257,1213,-18,125.2,2.13E-05,992,40,3.27,12.95900666,521.8243699,13.65610911,0,3.695417312,,,,,
258,1213,-15,124.8,2.13E-05,992,40,2.78,14.1940478,485.6691425,15.754663,0,3.969214406,,,,,
259,1213,-12,124.4,2.13E-05,992,40,3.24,14.1940478,450.638255,40.90840712,0,6.395968036,,,,,
260,1213,-9,124.1,2.14E-05,992,40,4.65,11.26458577,432.1598828,103.256311,0,10.16151125,,,,,
261,1213,-6,123.8,2.15E-05,992,40,5.62,11.2591786,415.6663109,168.781563,0,12.99159586,,,,,
262,1213,-3,123.6,2.17E-05,992,40,6.14,8.998279594,412.5870066,195.1261655,0,13.96875676,,,,,
263,1213,0,123.4,2.19E-05,992,40,5.33,8.993717406,411.3064096,139.841894,0,11.82547648,,,,,
264,1213,3,123.05,2.22E-05,992,40,5.83,15.4442865,412.2484157,173.3535415,0,13.16637921,,,,,
265,1213,6,122.7,2.25E-05,992,40,5.47,15.43040738,418.4589716,137.9576032,0,11.74553546,,,,,
266,1213,9,121.8,2.29E-05,991,42.5,4.6,34.24027699,424.6062749,108.8601317,0,10.43360588,,,,,
267,1213,12,120.9,2.33E-05,990,45,4.54,34.18034396,454.6536611,75.6629676,0,8.698446275,,,,,
268,1213,15,120.2,2.34E-05,987.5,47.5,5.7,24.66553902,467.4504603,97.35937649,0,9.867085511,,,,,
269,1213,18,119.5,2.34E-05,985,50,7.54,24.65826436,491.1685213,167.0970166,0,12.92660112,,,,,
270,1213,21,118.85,2.34E-05,980,55,6.64,22.83244461,517.045726,80.79943767,0,8.988850743,,,,,
271,1213,24,118.2,2.34E-05,975,60,5.15,22.83244461,550.2815813,11.87256623,0,3.445659042,,,,,
272,1822,-24,127.4,1.96E-05,905,110,2.28,0,696.9255955,176.877144,0,-13.29951668,,,,,
273,1822,-21,126.9,2.00E-05,905,110,2.32,23.1734834,651.9166101,98.89997167,0,-9.944846488,,,,,
274,1822,-18,126.3,2.05E-05,905,110,2.72,24.98060672,600.1666204,49.1029211,0,-7.007347651,,,,,
275,1822,-15,125.7,2.09E-05,905,110,2.93,24.94760774,554.1999207,23.72174395,0,-4.8704973,,,,,
276,1822,-12,124.9,2.13E-05,905,110,3.92,31.19440013,497.5237413,0.002313894,0,0.048102947,,,,,
277,1822,-9,124.1,2.17E-05,905,110,4.78,31.14561641,453.8266569,13.30030581,0,3.646958433,,,,,
278,1822,-6,123.2,2.21E-05,905,110,5.41,33.69506829,416.3665313,43.6677284,0,6.608156203,,,,,
279,1822,-3,122.3,2.25E-05,905,110,6.31,33.64450218,401.8679689,81.94305528,0,9.052240346,,,,,
280,1822,0,121.4,2.25E-05,922.5,100,6.9,31.76133813,379.4593965,26.55360113,18,12.84698136,,,,,
281,1822,3,120.5,2.25E-05,940,90,7.23,31.76133813,380.3144615,99.0815246,25.11,15.15602971,,,,,
282,1822,6,120.1,2.28E-05,940,90,7.68,16.85922479,415.2314329,179.309441,0,13.39064752,,,,,
283,1822,9,119.7,2.31E-05,940,90,7.88,16.84220371,453.0634218,143.1917444,0,11.96627529,,,,,
284,1822,12,119,2.35E-05,945,87.5,8.65,27.78321045,515.4188398,147.1893138,0,12.13216031,,,,,
285,1822,15,118.3,2.39E-05,950,85,8.49,27.73753503,582.8231258,81.94726,0,9.05247259,,,,,
286,1822,18,117.65,2.43E-05,952.5,82.5,6.76,25.30017498,646.1576134,3.388489461,0,1.840785012,,,,,
287,1822,21,117,2.46E-05,955,80,4.44,25.26207348,711.7022906,44.60501382,0,-6.678698512,,,,,
288,1822,24,116.15,2.51E-05,957.5,77.5,3.64,33.09375974,800.3743279,144.9092508,0,-12.03782584,,,,,
289,1625,-24,123.2,1.39E-05,1000,0,2.98,0,467.6216275,31.37494639,0,5.601334341,,,,,
290,1625,-21,122.85,1.41E-05,1000,0,2.2,14.73182923,429.2804127,38.0291386,0,6.166777002,,,,,
291,1625,-18,122.5,1.44E-05,1000,0,2.47,14.72416473,392.2265383,2.668983546,6.48,8.113702404,,,,,
292,1625,-15,121.9,1.44E-05,1000,0,3.47,21.89903653,364.0361967,14.27319952,8.28,12.05798882,,,,,
293,1625,-12,121.3,1.45E-05,1000,0,3.79,21.89518532,346.1856433,23.52154992,8.52,13.36990205,,,,,
294,1625,-9,121,1.46E-05,999,17.5,5.06,11.51478947,333.3557909,141.3441197,5.25,17.13882331,,,,,
295,1625,-6,120.7,1.47E-05,998,35,6.09,11.51107688,323.7196399,55.76255887,13.47,20.93743322,,,,,
296,1625,-3,120.3,1.53E-05,996,40,6.16,22.08122433,282.2633578,0.001310611,23.28,23.31620236,,,,,
297,1625,0,119.9,1.59E-05,994,45,6.72,22.06495468,251.5582174,4.695125671,23.49,25.65682387,,,,,
298,1625,3,119.3,1.62E-05,993,47.5,6.63,24.37433411,262.8314695,187.0839162,11.19,24.86786227,,,,,
299,1625,6,118.7,1.66E-05,992,50,5.44,24.35093981,292.3300148,56.47539514,12.93,20.44501132,,,,,
300,1625,9,118.2,1.70E-05,993,47.5,4.9,21.1801774,325.1279602,44.58768538,10.47,17.14740109,,,,,
301,1625,12,117.7,1.73E-05,994,45,4.76,21.16070095,365.8761282,10.73669272,11.46,14.73668929,,,,,
302,1625,15,117.55,1.77E-05,994,45,4.98,10.70830638,375.7082613,6.707552048,11.19,13.77989422,,,,,
303,1625,18,117.4,1.80E-05,994,45,4.29,10.70536455,387.8848065,8.156659269,8.46,11.31598657,,,,,
304,1625,21,117.35,1.83E-05,994,45,3.07,9.420243963,391.4133598,7.314280697,10.56,7.855507312,,,,,
305,1625,24,117.3,1.86E-05,994,45,2.92,9.419918613,396.8967109,6.540661336,9.54,6.982528331,,,,,
306,1416,-24,123.7,2.13E-05,990,45,2.02,0,392.9397038,90.77807194,15.15,5.622247278,,,,,
307,1416,-21,123.15,2.17E-05,990,45,2.83,24.45860007,386.3919355,404.8282062,29.4,9.279656907,,,,,
308,1416,-18,122.6,2.22E-05,990,45,3.67,24.42443292,393.9491031,1429.401876,48.42,10.61256851,,,,,
309,1416,-15,121.75,2.27E-05,987.5,45,3.55,33.41751161,407.2478874,93.55650421,0,9.672461125,,,,,
310,1416,-12,120.9,2.32E-05,985,45,4.78,33.35529999,443.5557816,107.1833736,0,10.35294033,,,,,
311,1416,-9,120.3,2.29E-05,985,45,6.02,23.06707348,421.9238865,180.9479297,0,13.45168873,,,,,
312,1416,-6,119.7,2.26E-05,985,45,6.98,23.09487728,411.00956,261.0754706,0,16.15783001,,,,,
313,1416,-3,119.95,2.24E-05,985,45,7.69,10.42471234,387.078174,307.3877154,35.43,17.89752398,,,,,
314,1416,0,120.2,2.22E-05,985,45,8.46,10.43100846,364.23452,18.10524289,24.9,20.6449744,,,,,
315,1416,3,120,2.32E-05,985,45,6.57,30.42013188,455.4174962,171.3522984,0,13.09016037,,,,,
316,1416,6,119.8,2.42E-05,985,45,5.61,30.41318306,546.5561747,40.24373362,0,6.343794891,,,,,
317,1416,9,119.65,2.46E-05,985,45,4.67,13.96823524,587.9348756,0.661073168,0,0.813064062,,,,,
318,1416,12,119.5,2.50E-05,985,45,4.5,13.96405209,629.3535355,2.835244379,0,-1.683818393,,,,,
319,1416,15,119.6,2.53E-05,985,45,5.34,9.881960053,653.8479892,1.616129339,0,-1.271270758,,,,,
320,1416,18,119.7,2.56E-05,985,45,6.09,9.880050951,678.7683787,0.641686996,0,-0.801053678,,,,,
321,1416,21,119.85,2.58E-05,985,45,5.57,7.608554229,692.2489461,9.166321242,0,-3.027593309,,,,,
322,1416,24,120,2.59E-05,985,45,3.42,7.605034996,706.220728,81.07975299,0,-9.004429632,,,,,
323,1119,-24,126.6,2.21E-05,945,87.5,2.78,0,687.7362099,74.37889656,0,-8.624320064,,,,,
324,1119,-21,125.8,2.20E-05,940,90,2.94,28.5364533,609.8162889,12.537178,0,-3.540787766,,,,,
325,1119,-18,124.95,2.16E-05,940,90,2.77,32.78664277,513.9600912,0.162685522,0,0.403342934,,,,,
326,1119,-15,124.1,2.11E-05,940,90,2.06,32.83856569,418.5612714,7.626816741,0,2.761669195,,,,,
327,1119,-12,123.4,2.11E-05,937.5,92.5,2.84,24.92809465,358.4292168,35.07862885,0.36,6.282721406,,,,,
328,1119,-9,122.7,2.10E-05,935,95,2.88,24.93463732,304.7854104,62.37165073,0.45,8.347572458,,,,,
329,1119,-6,122,2.09E-05,942.5,90,2.83,25.1525209,256.6578468,106.1715308,0.54,10.84395704,,,,,
330,1119,-3,121.3,2.08E-05,950,85,3.96,25.16536731,224.0671429,223.9695017,0.54,15.50561064,,,,,
331,1119,0,120.5,2.07E-05,957.5,80,6.27,28.70213411,216.5929191,299.2032914,4.89,22.18749379,,,,,
332,1119,3,119.7,2.05E-05,965,75,8.03,28.71668189,241.7968322,196.5885796,11.91,25.93100494,,,,,
333,1119,6,119.25,2.05E-05,965,72.5,7.35,16.01855147,271.910365,133.7201037,10.17,21.7337409,,,,,
334,1119,9,118.8,2.05E-05,965,70,5.45,16.01855147,306.6324787,80.10871931,6.36,15.31034744,,,,,
335,1119,12,118.2,2.06E-05,967.5,67.5,4.93,21.43253344,360.8179359,78.68300874,3.21,12.08034434,,,,,
336,1119,15,117.6,2.07E-05,970,65,4.92,21.42704427,417.8333593,91.57880551,0,9.569681578,,,,,
337,1119,18,117.1,2.08E-05,972.5,62.5,4.56,18.16074217,469.6588165,38.52074582,0,6.206508343,,,,,
338,1119,21,116.6,2.09E-05,975,60,3.34,18.15166111,521.9366463,0.970256138,0,0.985015806,,,,,
339,1119,24,116.1,2.11E-05,977.5,57.5,4.14,19.23204746,579.0749075,0.217145846,0,0.465989105,,,,,
340,1723,-24,125.9,1.41E-05,1006,0,3.43,0,656.5610348,0.280405303,0,-0.529533099,,,,,
341,1723,-21,125.3,1.42E-05,1007,0,5.22,22.14339227,597.1441558,61.33528031,0,7.831684385,,,,,
342,1723,-18,124.7,1.44E-05,1008,0,6.02,22.13585386,539.4446846,146.5915422,0,12.10749942,,,,,
343,1723,-15,123.95,1.46E-05,1007,0,5.16,27.8250536,468.6396053,170.6917207,0,13.06490416,,,,,
344,1723,-12,123.2,1.47E-05,1006,0,4.36,27.81067105,402.8566874,184.402523,0,13.57948906,,,,,
345,1723,-9,122.75,1.49E-05,1007,0,3.44,16.75832193,365.9606124,38.89874772,18.27,12.03311394,,,,,
346,1723,-6,122.3,1.50E-05,1008,0,3.78,16.7524869,332.630778,52.12478276,21.42,14.20025051,,,,,
347,1723,-3,121.65,1.50E-05,1007,0,4.18,23.60087642,308.7549817,201.4064422,30.54,16.34822625,,,,,
348,1723,0,121,1.50E-05,1006,0,4.52,23.60087642,300.0701044,620.4595632,42.12,17.21097426,,,,,
349,1723,3,120.25,1.51E-05,1005,0,5.26,27.28949899,305.1204162,335.4107151,36.99,18.67577834,,,,,
350,1723,6,119.5,1.51E-05,1004,0,5.19,27.28447172,330.9835544,125.2083523,28.26,17.0703462,,,,,
351,1723,9,119.05,1.52E-05,1003,0,5.04,16.7406716,348.4892654,241.6085198,30.39,14.84623856,,,,,
352,1723,12,118.6,1.54E-05,1002,0,4.17,16.73469136,371.9580108,77.05865862,20.13,11.35169386,,,,,
353,1723,15,118.15,1.56E-05,1001,17.5,3.53,17.22927488,396.7625442,11.77884378,13.08,9.647967981,,,,,
354,1723,18,117.7,1.57E-05,1000,35,3.24,17.220377,426.3344186,73.69190438,0,8.584398895,,,,,
355,1723,21,117.25,1.60E-05,998,37.5,2.99,17.89048341,457.0740472,39.99697939,0,6.324316516,,,,,
356,1723,24,116.8,1.62E-05,996,40,2.69,17.87874209,491.6349247,14.19759124,0,3.767969113,,,,,
357,2021,-24,126.85,1.48E-05,1007,0,2.09,0,713.6387235,39.46621046,0,-6.282213819,,,,,
358,2021,-21,125.9,1.54E-05,1006,0,2.08,38.26471387,597.8998794,0.687698906,0,0.829276134,,,,,
359,2021,-18,124.8,1.59E-05,1005,0,2.76,42.49301852,470.6221864,59.07672763,0,7.686138668,,,,,
360,2021,-15,123.7,1.64E-05,1004,0,3.64,42.43389516,344.3672112,145.5320392,2.61,14.67366608,,,,,
361,2021,-12,123.15,1.64E-05,1004,0,3.59,19.8855029,294.9159196,36.53783784,8.82,14.86465366,,,,,
362,2021,-9,122.6,1.64E-05,1004,0,2.74,19.8855029,249.959639,32.45063109,20.25,14.55345446,,,,,
363,2021,-6,122.05,1.62E-05,1005,0,2.63,20.2344285,221.7799598,29.89445882,10.08,15.54758254,,,,,
364,2021,-3,121.5,1.61E-05,1006,0,3.3,20.24221514,207.9432731,51.58534748,24.93,17.74770597,,,,,
365,2021,0,120.75,1.60E-05,1005,0,3.51,27.20658351,207.2891289,101.4667664,28.56,18.48692865,,,,,
366,2021,3,120,1.60E-05,1004,0,4.09,27.21192053,236.6937891,25.07485018,13.29,18.29747942,,,,,
367,2021,6,119.1,1.60E-05,1003,0,4.25,32.57880261,293.9831153,78.2161628,7.44,16.28399021,,,,,
368,2021,9,118.2,1.60E-05,1002,0,5.16,32.57880261,368.6909346,13.90243078,11.22,14.94859635,,,,,
369,2021,12,116.8,1.61E-05,1000,17.5,4.85,50.79298292,496.1740726,116.395764,0,10.78868685,,,,,
370,2021,15,115.4,1.62E-05,998,35,4.73,50.7728726,634.5572219,28.22194585,0,5.312433138,,,,,
371,2021,18,114.2,1.62E-05,997,37.5,4.28,43.45200176,761.385701,3.547612544,0,-1.883510697,,,,,
372,2021,21,113,1.61E-05,996,40,2.58,43.46061927,889.3203759,134.0264383,0,-11.57697881,,,,,
373,2021,24,112.5,1.59E-05,994,42.5,1.58,18.93402109,946.4890477,338.6126925,0,-18.40143181,,,,,
374,2019,-24,126.5,1.78E-05,915,115,5.18,0,597.157736,0.121342474,0,0.348342467,,,,,
375,2019,-21,125.75,1.76E-05,910,117.5,4.66,27.99824502,519.3297144,14.35289715,0,3.788521763,,,,,
376,2019,-18,125,1.73E-05,905,120,3.49,28.02074245,443.4217316,13.02529339,0,3.609057134,,,,,
377,2019,-15,124.3,1.72E-05,925,110,3.11,25.8435226,374.1974372,1108.856442,40.74,7.440503884,,,,,
378,2019,-12,123.6,1.70E-05,945,100,3.1,25.85910696,308.717621,248.4563394,27.96,12.19750212,,,,,
379,2019,-9,122.75,1.71E-05,962.5,80,3.42,30.87850137,221.3652813,177.1902086,31.17,17.85871875,,,,,
380,2019,-6,121.9,1.72E-05,980,60,3.55,30.86560522,141.1397032,12.20568388,25.89,22.39633661,,,,,
381,2019,-3,121.6,1.76E-05,988,52.5,3.7,15.48570202,94.59507883,21.35250738,28.53,23.90912266,,,,,
382,2019,0,121.3,1.80E-05,996,45,6.55,15.47583335,48.11154677,815.6973429,61.59,33.02958434,,,,,
383,2019,3,120.4,1.81E-05,998,40,6.99,32.55746542,66.7387273,17.47585449,30.03,34.2104132,,,,,
384,2019,6,119.5,1.82E-05,1000,35,6.29,32.54301625,160.160134,351.2072895,9.48,28.22052533,,,,,
385,2019,9,118.95,1.84E-05,1000,35,6.12,20.50984161,218.9276821,84.80725535,14.97,24.17908548,,,,,
386,2019,12,118.4,1.86E-05,1000,35,3.19,20.49677414,278.7606877,42.28472448,7.8,14.30267057,,,,,
387,2019,15,118,1.88E-05,1000,35,4.84,15.37620605,323.0273971,183.5553124,2.22,15.76825865,,,,,
388,2019,18,117.6,1.89E-05,1000,35,3.68,15.36682054,367.6453466,110.6618287,0.33,10.84959261,,,,,
389,2019,21,117.2,1.89E-05,1000,35,3.19,14.33012289,410.2020306,57.70778006,0,7.596563701,,,,,
390,2019,24,116.8,1.89E-05,1000,35,2.99,14.33012289,452.8406503,26.14648941,0,5.113363806,,,,,
391,1315,-24,128.1,1.70E-05,1002,0,2.37,0,780.1395449,98.31522972,0,-9.915403659,,,,,
392,1315,-21,127.55,1.78E-05,1002,0,2.59,31.13990869,710.7305477,21.71571755,0,-4.660012612,,,,,
393,1315,-18,127,1.86E-05,1002,0,1.77,31.10350711,648.037834,19.67213599,0,-4.435328171,,,,,
394,1315,-15,126.55,1.89E-05,1002,0,0.89,19.57156522,600.9284819,32.04143511,0,-5.660515446,,,,,
395,1315,-12,126.1,1.93E-05,1002,0,0.79,19.55268312,556.3099679,18.6845871,0,-4.322567189,,,,,
396,1315,-9,125.7,1.97E-05,1001,17.5,1.75,18.09205938,520.0080986,0.052770632,0,0.229718592,,,,,
397,1315,-6,125.3,2.00E-05,1000,35,2.76,18.07536348,487.3092944,23.8985854,0,4.888617944,,,,,
398,1315,-3,124.75,2.06E-05,999,35,3.77,25.69462365,451.4127088,78.50310574,0,8.860197839,,,,,
399,1315,0,124.2,2.11E-05,998,35,4.08,25.65976188,427.0610652,102.7898339,0,10.13853214,,,,,
400,1315,3,124,2.16E-05,997,37.5,3.46,14.76048525,434.9128808,51.99218954,0,7.210560972,,,,,
401,1315,6,123.8,2.20E-05,996,40,3.34,14.75410507,447.1427151,37.43827619,0,6.118682553,,,,,
402,1315,9,123.9,2.25E-05,996,40,3.3,15.21258902,487.2973895,15.95150236,0,3.993933194,,,,,
403,1315,12,124,2.30E-05,996,40,2.22,15.21091491,528.2809338,0.498154183,0,-0.705800385,,,,,
404,1315,15,123.95,2.36E-05,996,40,2.31,18.58067493,570.0929374,5.858671235,0,-2.420469218,,,,,
405,1315,18,123.9,2.42E-05,996,40,2.36,18.58050932,614.1463306,20.87712209,0,-4.569148946,,,,,
406,1315,21,123.7,2.45E-05,994,42.5,2.96,13.11496223,633.2522205,22.23733162,0,-4.715647529,,,,,
407,1315,24,123.5,2.49E-05,992,45,4.13,13.10804351,654.2358103,10.32586384,0,-3.213388217,,,,,
408,1223,-24,125.6,1.31E-05,997,35,2.86,0,687.9329488,2.692454122,0,-1.640869928,,,,,
409,1223,-21,124.9,1.36E-05,996,35,3.37,29.49352041,601.4207746,23.9122221,0,4.890012485,,,,,
410,1223,-18,124.4,1.40E-05,997,35,5.06,21.32102154,539.0513554,117.8268096,0,10.85480583,,,,,
411,1223,-15,123.9,1.44E-05,998,35,5.43,21.30487964,477.2711612,201.5922667,0,14.19831915,,,,,
412,1223,-12,123.1,1.47E-05,997,37.5,5.17,30.50870585,400.9579871,296.9065594,0,17.23097674,,,,,
413,1223,-9,122.3,1.50E-05,996,40,4.87,30.48353444,332.630778,282.0280724,2.37,19.16369145,,,,,
414,1223,-6,121.6,1.56E-05,997,40,4.54,30.34555812,258.9984508,156.4618726,8.73,21.23847203,,,,,
415,1223,-3,120.9,1.61E-05,998,40,4.76,30.30853301,200.4010868,18.23302829,19.77,24.04001502,,,,,
416,1223,0,120.25,1.69E-05,998,40,5.47,32.29604578,155.3788395,39.42647817,21.06,27.33905074,,,,,
417,1223,3,119.6,1.76E-05,998,40,6.17,32.25286202,163.6593653,636.7140098,53.46,28.22680738,,,,,
418,1223,6,118.6,1.78E-05,998,40,7.15,36.72554721,260.9661473,5125.140233,98.07,26.47991526,,,,,
419,1223,9,117.6,1.81E-05,998,40,7.58,36.69421917,365.3795259,6291.01652,102.06,22.74407146,,,,,
420,1223,12,117.2,1.81E-05,997,40,7.14,14.37629124,408.4341373,321.2115994,0,17.92237706,,,,,
421,1223,15,116.8,1.81E-05,996,40,6.17,14.37629124,451.5029242,180.2087953,0,13.42418695,,,,,
422,1223,18,116.2,1.82E-05,993,42.5,5.58,21.86982763,515.5250931,87.22140802,0,9.339240227,,,,,
423,1223,21,115.6,1.83E-05,990,45,5.16,21.86020808,579.7971016,26.16251568,0,5.114930662,,,,,
424,1223,24,115.2,1.85E-05,985,50,4.25,15.38857894,622.6702077,0.000812179,0,0.028498748,,,,,
425,1626,-24,125.55,1.70E-05,920,102.5,4.35,0,509.3918794,4.689247141,0,2.165466957,,,,,
426,1626,-21,125.1,1.70E-05,925,100,4.08,16.23655866,462.2608738,25.3789718,0,5.037754639,,,,,
427,1626,-18,124.55,1.70E-05,925,100,4.88,19.84468281,405.163758,89.89009652,0,9.481038789,,,,,
428,1626,-15,124,1.70E-05,925,100,5.74,19.84468281,348.882261,147.7480238,1.62,13.77516449,,,,,
429,1626,-12,123.4,1.70E-05,937.5,92.5,5.21,21.64874488,288.9748133,213.2483149,1.62,16.22302417,,,,,
430,1626,-9,122.8,1.70E-05,950,85,4.49,21.64874488,231.7974981,256.5387923,1.95,17.96682841,,,,,
431,1626,-6,122.1,1.70E-05,950,85,4.77,25.31920481,168.2801236,370.2101612,2.19,21.43084617,,,,,
432,1626,-3,121.4,1.71E-05,950,85,4.82,25.31389884,120.2531524,405.5511628,3.24,23.37830089,,,,,
433,1626,0,120.55,1.74E-05,960,77.5,5.11,31.98924432,95.84606188,269.4651825,9.75,26.16539468,,,,,
434,1626,3,119.7,1.77E-05,970,70,5.43,31.95744778,149.3127163,290.85556,42.27,25.21551203,,,,,
435,1626,6,119.05,1.79E-05,970,70,6.77,24.02652456,212.1462588,383.7385414,44.52,24.93075444,,,,,
436,1626,9,118.4,1.81E-05,970,70,8.56,24.01132934,279.3390471,79.60702521,17.19,26.11227691,,,,,
437,1626,12,117.7,1.83E-05,972.5,67.5,6.23,26.20189421,353.574948,91.43278606,7.83,17.39204926,,,,,
438,1626,15,117,1.86E-05,975,65,4.32,26.17983543,429.1398177,88.96334654,0,9.432038303,,,,,
439,1626,18,116.65,1.87E-05,977.5,62.5,3.19,13.08434831,467.1974568,16.81788364,0,4.100961307,,,,,
440,1626,21,116.3,1.88E-05,980,60,2.47,13.07874246,505.3722656,0.479324019,0,0.692332304,,,,,
441,1626,24,116.15,1.86E-05,982.5,55,2.19,7.728613701,520.6666089,1.266346883,0,-1.125320791,,,,,
442,1928,-24,125.6,1.64E-05,955,85,3.26,0,531.5679544,6.158158018,0,2.481563624,,,,,
443,1928,-21,125.15,1.63E-05,952.5,87.5,3.96,16.3779826,487.9955877,47.46579347,0,6.889542326,,,,,
444,1928,-18,124.7,1.62E-05,950,90,4.47,16.38122082,445.5417394,92.48247523,0,9.616780919,,,,,
445,1928,-15,124.1,1.64E-05,950,90,3.54,22.38730685,379.5529042,40.67931656,3.99,10.36803391,,,,,
446,1928,-12,123.5,1.66E-05,950,90,3.09,22.37448983,314.2292045,96.74345216,1.98,11.81582494,,,,,
447,1928,-9,122.85,1.66E-05,955,85,4.69,23.48196667,255.4540692,296.5607268,1.2,18.42093862,,,,,
448,1928,-6,122.2,1.66E-05,960,80,6.61,23.48196667,204.2028885,552.5454019,1.89,25.39628431,,,,,
449,1928,-3,121.5,1.67E-05,967.5,75,7.19,25.35063788,160.4027631,698.1024452,2.85,29.27162836,,,,,
450,1928,0,120.8,1.67E-05,975,70,8.46,25.345447,146.0617496,33.21239204,27.69,33.45301935,,,,,
451,1928,3,120.25,1.68E-05,977.5,67.5,11.16,19.94302748,160.183397,2407.740581,87.99,38.92126676,,,,,
452,1928,6,119.7,1.69E-05,980,65,13.38,19.93892564,192.7033878,6956.602103,126.24,42.83375262,,,,,
453,1928,9,119.15,1.70E-05,982.5,62.5,10.43,20.60170385,230.2184934,8658.262212,127.17,34.12021649,,,,,
454,1928,12,118.6,1.72E-05,985,60,7.45,20.58958901,276.4888269,1041.655425,57.15,24.87531294,,,,,
455,1928,15,118.1,1.74E-05,988.5,55,6.03,18.84893932,322.5631409,39.22122584,25.5,19.23731481,,,,,
456,1928,18,117.6,1.76E-05,992,50,5.26,18.83777526,371.4225514,0.408338728,15.81,15.17098613,,,,,
457,1928,21,117.2,1.77E-05,992,50,4.44,14.86305376,412.1629422,119.9667537,0,10.95293357,,,,,
458,1928,24,116.8,1.78E-05,992,50,3.32,14.85692283,453.558631,39.29549903,0,6.268612209,,,,,
459,1720,-24,124.6,2.33E-05,998,0,0.72,0,593.4268109,78.97629424,0,-8.886860764,,,,,
460,1720,-21,123.95,2.32E-05,997,17.5,1.02,23.1568567,542.8714554,11.39294084,0,-3.375343069,,,,,
461,1720,-18,123.3,2.31E-05,996,35,1.93,23.17007478,496.8042523,3.075884203,0,1.753819889,,,,,
462,1720,-15,122.6,2.29E-05,995,35,2.17,25.27056882,449.491918,18.04878522,0,4.24838619,,,,,
463,1720,-12,121.9,2.27E-05,994,35,1.68,25.29136608,410.7047468,19.98080643,0,4.469989533,,,,,
464,1720,-9,121.1,2.24E-05,993,35,2.2,30.35018476,365.9858404,10.33037033,4.56,7.774089348,,,,,
465,1720,-6,120.3,2.20E-05,992,35,2.49,30.39425191,340.2641128,23.89866402,4.5,9.388625985,,,,,
466,1720,-3,119.85,2.16E-05,988.5,40,2.14,20.54121353,317.3419406,25.49711651,3.6,8.649466953,,,,,
467,1720,0,119.4,2.11E-05,985,45,2.35,20.56437931,305.4741235,36.99966815,3.45,9.532735253,,,,,
468,1720,3,119.05,2.10E-05,985,45,3.83,12.97163068,319.0321755,65.36066009,3.75,11.834594,,,,,
469,1720,6,118.7,2.09E-05,985,45,5.46,12.97788868,336.6148571,118.4019217,3.99,14.87126471,,,,,
470,1720,9,118.5,2.09E-05,982.5,47.5,4.97,7.108287493,352.3387728,3.505410471,10.38,12.25227414,,,,,
471,1720,12,118.3,2.09E-05,980,50,3.86,7.108287493,368.6260424,41.39490862,14.97,8.53611248,,,,,
472,1720,15,118.2,2.13E-05,980,50,3.85,11.65133294,398.0146587,193.5749791,21.18,7.266877448,,,,,
473,1720,18,118.1,2.16E-05,980,50,4.01,11.64969444,428.1888818,37.01687762,0,6.084149704,,,,,
474,1720,21,118.05,2.20E-05,977.5,52.5,4.28,13.06788879,459.3584181,25.18722104,0,5.018687183,,,,,
475,1720,24,118,2.25E-05,975,55,4.35,13.06757369,491.6478433,10.79172216,0,3.285075671,,,,,
476,1522,-24,126.4,1.59E-05,1008,0,1.42,0,629.1962256,20.82305609,0,-4.563228691,,,,,
477,1522,-21,125.8,1.67E-05,1008,0,1.45,32.36801988,543.2353864,1.056997047,0,1.028103617,,,,,
478,1522,-18,125.2,1.75E-05,1008,0,1.59,32.32866966,462.4244807,18.82681218,0,4.33898746,,,,,
479,1522,-15,124.5,1.78E-05,1007,0,1.83,27.51760504,382.2750395,1.099450593,6.51,7.558546896,,,,,
480,1522,-12,123.8,1.82E-05,1006,0,1.44,27.48680125,303.9047948,29.59612354,4.05,9.490231938,,,,,
481,1522,-9,123.25,1.86E-05,1004,17.5,1.96,23.59589007,245.5382965,98.30662008,3.69,13.60496949,,,,,
482,1522,-6,122.7,1.91E-05,1002,35,1.81,23.56895014,196.0219469,134.2700186,4.38,15.96749406,,,,,
483,1522,-3,122,1.94E-05,1000,37.5,1.47,27.37962951,147.657015,161.5029093,4.38,17.08837949,,,,,
484,1522,0,121.3,1.98E-05,998,40,1.37,27.34613544,136.9991531,88.24603288,7.47,16.86393596,,,,,
485,1522,3,120.7,2.02E-05,998,40,1.14,24.09805163,168.7180354,29.9245227,19.86,14.38966887,,,,,
486,1522,6,120.1,2.05E-05,998,40,0.44,24.06914905,220.4369013,1640.62278,50.7,10.19539804,,,,,
487,1522,9,119.5,2.06E-05,997,42.5,1.25,21.43253344,258.8446176,1665.131108,50.94,10.13398196,,,,,
488,1522,12,118.9,2.07E-05,996,45,4.65,21.42704427,306.0328195,9.620031258,19.23,16.12838248,,,,,
489,1522,15,118.35,2.09E-05,993,47.5,4.44,20.90104173,364.5054958,5.135330196,10.32,12.58612669,,,,,
490,1522,18,117.8,2.11E-05,990,50,5.15,20.88180276,424.0240002,126.6270035,0,11.25286646,,,,,
491,1522,21,117.2,2.16E-05,987.5,52.5,5.08,25.89991357,501.0985439,57.91611811,0,7.610263997,,,,,
492,1522,24,116.6,2.21E-05,985,55,3.71,25.86168168,577.9434416,0.231810266,0,0.481466786,,,,,
493,1506,-24,126.85,1.76E-05,955,85,1.51,0,637.3341105,44.2689768,0,-6.653493578,,,,,
494,1506,-21,126.4,1.80E-05,955,85,1.75,19.62018196,585.3940203,7.694812669,0,-2.773952536,,,,,
495,1506,-18,125.8,1.83E-05,950,87.5,1.86,24.23488218,518.9971944,0.025402263,0,-0.159380875,,,,,
496,1506,-15,125.2,1.87E-05,945,90,1.76,24.20854462,454.9219411,2.191419772,0,1.480344477,,,,,
497,1506,-12,124.9,1.90E-05,945,90,2.73,14.17657456,425.3047773,16.63698213,0,4.078845686,,,,,
498,1506,-9,124.6,1.93E-05,945,90,2.42,14.16692311,398.1883372,17.17837302,0.06,4.204680087,,,,,
499,1506,-6,124.25,1.97E-05,940,95,1.93,17.99625161,372.4870746,13.24175008,0.09,3.728921555,,,,,
500,1506,-3,123.9,2.02E-05,935,100,1.06,17.98124041,353.4709617,1.740505075,0.42,1.73928203,,,,,
501,1506,0,123.6,2.07E-05,927.5,105,3.9,19.77298325,353.0719791,43.88918229,1.05,7.674891116,,,,,
502,1506,3,123.3,2.13E-05,920,110,3.15,19.75958207,362.7323336,7.685151108,1.59,4.362210509,,,,,
503,1506,6,122.95,2.17E-05,920,110,2.65,19.30144499,374.119788,1.429562927,3.51,2.314356689,,,,,
504,1506,9,122.6,2.22E-05,920,110,2.62,19.28400764,393.9491031,0.895582064,1.98,1.033648023,,,,,
505,1506,12,122.5,2.27E-05,922.5,107.5,3.52,15.21175595,430.1406682,1.403182838,0,1.184560188,,,,,
506,1506,15,122.4,2.32E-05,925,105,5,15.21006594,468.0194748,8.72221742,0,2.953340045,,,,,
507,1506,18,122.25,2.38E-05,927.5,102.5,5.17,19.23092193,516.4866194,1.857500165,0,1.362901378,,,,,
508,1506,21,122.1,2.44E-05,930,100,3.36,19.22685356,566.7311682,28.77663146,0,-5.364385469,,,,,
509,1506,24,122.05,2.50E-05,937.5,95,2.26,18.58027138,620.1108788,100.6609379,0,-10.03299247,,,,,
510,1524,-24,124.5,1.98E-05,940,90,1.74,0,399.4890051,19.76389476,5.88,1.434339784,,,,,
511,1524,-21,124.15,1.98E-05,935,92.5,2.45,12.49658866,364.3409654,0.117396333,4.5,4.842631483,,,,,
512,1524,-18,123.8,1.98E-05,930,95,3.04,12.49658866,329.7092325,11.44412062,3.66,7.042915993,,,,,
513,1524,-15,123.45,1.99E-05,930,95,3.73,12.6296634,298.2480939,26.07261616,4.74,9.846135149,,,,,
514,1524,-12,123.1,1.99E-05,930,95,4.8,12.62659708,268.4890438,41.85016695,7.05,13.5191705,,,,,
515,1524,-9,122.6,2.00E-05,927.5,97.5,5.77,18.21411828,232.298806,91.84434904,7.83,17.41354574,,,,,
516,1524,-6,122.1,2.02E-05,925,100,5.61,18.20535459,204.5669123,3.258229557,19.59,17.78494334,,,,,
517,1524,-3,121.85,2.01E-05,932.5,95,6.45,9.104871529,185.3703832,409.4218381,40.77,20.535825,,,,,
518,1524,0,121.6,2.00E-05,940,90,7.92,9.107059142,168.4159258,156.8120671,12.84,25.3624625,,,,,
519,1524,3,121.5,2.01E-05,945,85,10.15,4.017136523,169.7407186,684.5612108,4.29,30.45412068,,,,,
520,1524,6,121.4,2.02E-05,950,80,11.28,4.016341939,171.9056983,765.845108,5.55,33.22390663,,,,,
521,1524,9,121.35,2.03E-05,955,75,13.2,4.105876364,181.4065102,418.7054908,17.13,37.59229437,,,,,
522,1524,12,121.3,2.04E-05,960,70,12.86,4.105493778,191.2313183,86.18291015,27.21,36.49347511,,,,,
523,1524,15,120.95,2.08E-05,965,65,12.25,17.95703169,227.0625975,44.8550132,27.81,34.50738854,,,,,
524,1524,18,120.6,2.13E-05,970,60,10.58,17.94123411,268.9767075,575.7620342,4.68,28.67504187,,,,,
525,1524,21,120.4,2.14E-05,975,55,9.38,7.999910724,283.8226528,406.4554997,4.41,24.57074155,,,,,
526,1524,24,120.2,2.15E-05,980,50,9.15,7.996530074,299.8474605,312.4769547,5.79,23.4670177,,,,,
527,1714,-24,126,1.92E-05,1006,0,1.5,0,544.2862703,5.017022316,0,-2.239871049,,,,,
528,1714,-21,125.45,1.91E-05,1003,17.5,1.39,20.03898051,484.4867085,4.736902248,0,2.176442567,,,,,
529,1714,-18,124.9,1.89E-05,1000,35,1.65,20.04812768,424.6485759,37.03129485,0,6.085334407,,,,,
530,1714,-15,124.4,1.89E-05,998,37.5,1.88,18.01207305,370.733124,50.88729179,1.38,8.513532911,,,,,
531,1714,-12,123.9,1.88E-05,996,40,1.77,18.01624789,316.8000123,87.34613261,0.96,10.30591529,,,,,
532,1714,-9,123.45,1.91E-05,996,40,2.05,17.73093247,273.2242291,133.9229509,0.96,12.53250841,,,,,
533,1714,-6,123,1.93E-05,996,40,2.65,17.7169746,233.8703094,203.5149398,1.14,15.40586625,,,,,
534,1714,-3,122.6,1.97E-05,995,42.5,3.63,18.09205938,211.7692169,176.7094627,5.16,18.45321115,,,,,
535,1714,0,122.2,2.00E-05,994,45,4.32,18.07536348,202.4230296,114.3805959,9.57,20.26488644,,,,,
536,1714,3,121.7,2.05E-05,996,42.5,4.26,22.01306021,208.3619595,34.53203037,14.01,19.88639604,,,,,
537,1714,6,121.2,2.09E-05,998,40,3.86,21.98708295,233.7423245,1.300364614,18.75,17.60966469,,,,,
538,1714,9,120.35,2.12E-05,997,40,3.49,31.55599626,268.8953857,21.54320213,20.1,15.45853448,,,,,
539,1714,12,119.5,2.15E-05,996,40,2.98,31.51738637,328.3797579,0.084538625,10.95,11.24075527,,,,,
540,1714,15,118.8,2.19E-05,995,40,2.38,27.94592675,400.6564377,35.69148986,0,5.974235504,,,,,
541,1714,18,118.1,2.24E-05,994,40,2.07,27.9031983,476.4522694,2.169734394,0,1.473001831,,,,,
542,1714,21,117.45,2.30E-05,993,42.5,2.66,30.61816982,566.8327692,1.298924436,0,-1.139703661,,,,,
543,1714,24,116.8,2.37E-05,992,45,2.84,30.56293552,657.1082851,24.71417721,0,-4.971335556,,,,,
544,1622,-24,127.5,2.00E-05,900,115,0.53,0,714.4451093,351.6865741,0,-18.75330835,,,,,
545,1622,-21,126.75,2.01E-05,900,115,0.56,26.80896469,637.5603928,187.6429903,0,-13.69828421,,,,,
546,1622,-18,126,2.02E-05,900,115,0.25,26.80225619,561.7566833,130.7165596,0,-11.43313428,,,,,
547,1622,-15,125.35,2.05E-05,900,115,0.89,25.66163697,507.2297618,63.02325841,0,-7.93871894,,,,,
548,1622,-12,124.7,2.09E-05,900,115,2.53,25.62925249,459.6034979,5.225891471,0,-2.286020882,,,,,
549,1622,-9,123.9,2.13E-05,907.5,107.5,3.71,30.48024924,408.8703615,10.58450224,0,3.253383199,,,,,
550,1622,-6,123.1,2.16E-05,915,100,5.3,30.43760731,374.39514,70.2489842,0.39,8.771466709,,,,,
551,1622,-3,122.3,2.19E-05,927.5,95,5.15,29.26206887,350.5090535,82.18794864,1.38,10.44575693,,,,,
552,1622,0,121.5,2.21E-05,940,90,5.41,29.23176886,347.9349719,92.4688419,2.7,12.31607206,,,,,
553,1622,3,120.8,2.25E-05,942.5,85,5.79,27.8846419,382.9081663,69.86897999,2.94,11.29876665,,,,,
554,1622,6,120.1,2.30E-05,945,80,5.85,27.84077541,431.4543983,80.76993066,0,8.987209281,,,,,
555,1622,9,119.45,2.33E-05,947.5,77.5,5.83,25.39910627,482.4275781,41.74825553,0,6.461288999,,,,,
556,1622,12,118.8,2.37E-05,950,75,5.32,25.36246385,539.2353577,6.975734273,0,2.641161539,,,,,
557,1622,15,118.1,2.42E-05,955,72.5,4.89,28.62219358,612.2902203,1.276967578,0,-1.130029901,,,,,
558,1622,18,117.4,2.46E-05,960,70,4.79,28.57025645,687.987778,19.53620385,0,-4.419977811,,,,,
559,1622,21,117,2.51E-05,960,70,3.84,20.32337634,747.5459079,104.2031024,0,-10.20799208,,,,,
560,1622,24,116.6,2.56E-05,960,70,2.18,20.29880289,807.0866596,292.9727603,0,-17.11644707,,,,,
561,1621,-24,125,1.78E-05,975,60,1.96,0,436.6081251,15.17839977,0,3.895946582,,,,,
562,1621,-21,124.6,1.80E-05,970,65,3.2,15.41582713,391.710563,49.03983756,2.31,9.312844962,,,,,
563,1621,-18,124.25,1.82E-05,962.5,72.5,3.81,14.58853925,352.3726751,53.98528244,4.29,11.63746776,,,,,
564,1621,-15,123.9,1.85E-05,955,80,3.57,14.57871292,314.3561255,72.06637732,3.39,11.87919179,,,,,
565,1621,-12,123.45,1.87E-05,952.5,82.5,3.88,17.7515394,267.4989257,28.20252925,9.12,14.43060536,,,,,
566,1621,-9,123,1.89E-05,950,85,4.86,17.73784547,223.735473,100.3190453,8.22,18.23593956,,,,,
567,1621,-6,122.4,1.94E-05,942.5,90,5.17,25.0624051,178.7511443,19.21395985,24.75,20.36662689,,,,,
568,1621,-3,121.8,1.98E-05,935,95,6.03,25.03111906,159.0073049,441.3001994,43.26,22.25285361,,,,,
569,1621,0,120.8,2.00E-05,950,85,7.5,36.42823657,156.120602,362.1783581,46.89,27.85901584,,,,,
570,1621,3,119.8,2.03E-05,965,75,9.55,36.39307583,217.5625468,679.7962105,57.33,31.25709816,,,,,
571,1621,6,119.1,2.05E-05,965,72.5,8.63,25.99289279,283.0514714,15.18283051,28.95,25.05348482,,,,,
572,1621,9,118.4,2.08E-05,965,70,6.48,25.9682213,353.4683492,99.85710897,6.39,16.38285289,,,,,
573,1621,12,117.8,2.09E-05,967.5,67.5,4.85,21.64333885,411.3643036,92.54804087,0,9.620189233,,,,,
574,1621,15,117.2,2.10E-05,970,65,4.47,21.63230709,471.000637,37.27556382,0,6.105371718,,,,,
575,1621,18,116.35,2.10E-05,970,65,2.87,30.19435705,550.5163091,0.530163556,0,-0.728123311,,,,,
576,1621,21,115.5,2.10E-05,970,65,2.15,30.19435705,633.012953,38.22312017,0,-6.182484951,,,,,
577,1621,24,114.9,2.11E-05,970,62.5,2.17,21.62121155,696.1282512,96.98950964,0,-9.84832522,,,,,
578,1924,-24,116.6,1.66E-05,994,40,2.72,0,499.8429087,19.62183098,0,4.429653596,,,,,
579,1924,-21,116.7,1.67E-05,993,42.5,2.02,4.057831664,487.7287378,11.49887841,0,3.390999619,,,,,
580,1924,-18,116.8,1.67E-05,992,45,1.34,4.057170943,475.6259503,4.602343962,0,2.145307428,,,,,
581,1924,-15,116.85,1.67E-05,991,47.5,1.19,2.58491724,472.2925467,2.873055995,0,1.695009143,,,,,
582,1924,-12,116.9,1.66E-05,990,50,1.9,2.585174302,469.0591032,11.9390554,0,3.455293822,,,,,
583,1924,-9,116.95,1.65E-05,987.5,52.5,2.28,4.116658919,467.9613228,17.87293381,0,4.227639272,,,,,
584,1924,-6,117,1.64E-05,985,55,2.14,4.116971333,467.1780829,13.12901497,0,3.623398263,,,,,
585,1924,-3,117.1,1.62E-05,982.5,57.5,2.43,5.173394355,461.7562683,19.07611046,0,4.367620686,,,,,
586,1924,0,117.2,1.61E-05,980,60,2.6,5.174394726,456.7804825,22.00883245,0,4.691357208,,,,,
587,1924,3,117.1,1.60E-05,980,60,2.24,5.175387643,471.5785023,9.354755996,0,3.05855456,,,,,
588,1924,6,117,1.59E-05,980,60,1.67,5.176373099,486.4356216,0.841066992,0,0.917097046,,,,,
589,1924,9,117.05,1.58E-05,980,60,2.19,2.588431514,484.2712914,3.799302914,0,1.949180062,,,,,
590,1924,12,117.1,1.57E-05,980,60,2.77,2.588675543,482.2182794,10.93516544,0,3.306836168,,,,,
591,1924,15,116.75,1.58E-05,977.5,62.5,2.66,12.81115673,513.2617639,4.253569394,0,2.062418336,,,,,
592,1924,18,116.4,1.59E-05,975,65,2.78,12.80871541,545.222496,0.359299619,0,0.599416065,,,,,
593,1924,21,116.05,1.58E-05,975,65,3.46,12.81115673,582.3916648,0.259223837,0,0.509140292,,,,,
594,1924,24,115.7,1.57E-05,975,65,3.04,12.81358852,619.7403015,5.017403043,0,-2.239956036,,,,,
595,1308,-24,126.2,1.78E-05,1008,0,2.9,0,564.8789782,1.108734759,0,1.052964747,,,,,
596,1308,-21,125.9,1.81E-05,1007,0,2.38,13.07616224,530.7318992,3.137630827,0,1.771335888,,,,,
597,1308,-18,125.6,1.83E-05,1006,0,1.53,13.06816484,497.452225,0.569840035,0,0.754877496,,,,,
598,1308,-15,125.3,1.85E-05,1006,0,1.29,11.38522552,465.0438977,1.420807704,0,1.191976386,,,,,
599,1308,-12,125,1.86E-05,1006,0,1.65,11.38055083,432.9664427,10.35500242,0,3.217918957,,,,,
600,1308,-9,124.7,1.91E-05,1005,0,1.7,18.2847184,404.8209602,20.5911785,0,4.537750378,,,,,
601,1308,-6,124.4,1.96E-05,1004,0,1.71,18.27274529,382.7520465,10.85836666,1.71,5.005203585,,,,,
602,1308,-3,124.1,2.00E-05,1004,0,2.11,18.2604848,367.8320951,12.21958068,9.78,6.284348318,,,,,
603,1308,0,123.8,2.05E-05,1004,0,2.33,18.24793872,360.9237492,192.9100806,20.64,6.750792658,,,,,
604,1308,3,123.5,2.10E-05,1004,0,3.16,18.23510892,362.4589059,118.2316836,19.2,8.326560637,,,,,
605,1308,6,123.2,2.15E-05,1004,0,2.93,18.22199731,372.3058484,1.981468929,8.4,6.992353408,,,,,
606,1308,9,122.65,2.24E-05,1003,17.5,2.76,33.86383741,411.1883688,44.19786364,0,6.648147384,,,,,
607,1308,12,122.1,2.33E-05,1002,35,2.45,33.81635096,469.6027946,16.04789537,0,4.005982447,,,,,
608,1308,15,121.5,2.37E-05,1002,35,2.01,23.79748439,490.9064463,0.969897276,0,0.984833628,,,,,
609,1308,18,120.9,2.40E-05,1002,35,1.33,23.76372025,521.2447063,5.052907991,0,-2.247867432,,,,,
610,1308,21,120.45,2.43E-05,1002,35,0.99,17.39254334,546.2368661,23.83946612,0,-4.882567575,,,,,
611,1308,24,120,2.45E-05,1002,35,0.97,17.37487396,574.8677709,41.07710252,0,-6.409142105,,,,,
612,1913,-24,129.1,1.59E-05,1004,0,1.43,0,909.5149699,288.8228208,0,-16.99478805,,,,,
613,1913,-21,128.4,1.66E-05,1003,0,1.93,33.6456915,818.8897922,101.7522419,0,-10.08723163,,,,,
614,1913,-18,127.7,1.73E-05,1002,0,1.83,33.59822697,731.6980355,51.6993957,0,-7.190229183,,,,,
615,1913,-15,127.3,1.77E-05,1002,0,1.51,18.17603075,684.396278,54.33948642,0,-7.371532162,,,,,
616,1913,-12,126.9,1.81E-05,1002,0,1.37,18.16094065,638.4723596,36.87301592,0,-6.072315532,,,,,
617,1913,-9,126.5,1.86E-05,1001,17.5,1.84,20.61192829,594.2576862,4.488561416,0,-2.118622528,,,,,
618,1913,-6,126.1,1.91E-05,1000,35,1.62,20.5933907,553.7417846,0.02663451,0,-0.163200826,,,,,
619,1913,-3,125.55,2.00E-05,1000,35,1.44,33.98184714,511.2119931,2.786084174,0,1.669156725,,,,,
620,1913,0,125,2.09E-05,1000,35,0.71,33.93908063,487.461375,0.167775594,0,0.409604191,,,,,
621,1913,3,124.65,2.17E-05,999,37.5,2.41,27.05288676,494.7129343,10.70931014,0,3.272508234,,,,,
622,1913,6,124.3,2.25E-05,998,40,4.78,27.03289068,515.1853285,58.95020985,0,7.677904001,,,,,
623,1913,9,124.15,2.30E-05,996,42.5,3.83,17.46477098,542.2866001,9.537483262,0,3.088281603,,,,,
624,1913,12,124,2.36E-05,994,45,2.77,17.46079908,572.9969626,1.615099131,0,-1.270865505,,,,,
625,1913,15,123.95,2.40E-05,993,47.5,3.05,14.90151792,607.3263046,6.357837589,0,-2.52147528,,,,,
626,1913,18,123.9,2.45E-05,992,50,3.4,14.90122789,642.9529757,12.33178445,0,-3.511664058,,,,,
627,1913,21,123.95,2.51E-05,991,52.5,3.42,16.73945478,689.2563001,31.97664627,0,-5.654789675,,,,,
628,1913,24,124,2.56E-05,990,55,2.87,16.73921349,736.0438483,86.26392503,0,-9.287837479,,,,,
629,2001,-24,124.4,1.55E-05,975,70,3.36,0,451.1755967,67.00673022,0,8.185763875,,,,,
630,2001,-21,124,1.57E-05,977.5,67.5,3.36,16.26980844,402.5995118,128.8132904,0,11.34959428,,,,,
631,2001,-18,123.6,1.60E-05,980,65,2.39,16.25975985,354.2083693,0.305820678,10.41,10.96301056,,,,,
632,2001,-15,123.15,1.64E-05,980,65,2.74,19.69376008,294.9159196,25.59962854,19.32,14.26039245,,,,,
633,2001,-12,122.7,1.67E-05,980,65,2.79,19.67737974,235.7457574,85.90304504,7.35,16.61838956,,,,,
634,2001,-9,122.3,1.72E-05,986,57.5,2.83,19.38135159,177.5755296,221.8302746,4.23,19.12396773,,,,,
635,2001,-6,121.9,1.76E-05,992,50,2.87,19.3653162,119.678222,249.4645735,5.88,21.67444755,,,,,
636,2001,-3,121.6,1.81E-05,993,47.5,4,19.83114659,68.76076721,346.7171217,7.59,26.21034161,,,,,
637,2001,0,121.3,1.87E-05,994,45,5.35,19.81929678,47.39515683,343.8352552,11.4,29.94279524,,,,,
638,2001,3,120.95,1.95E-05,997,40,5.82,27.10479647,105.0151681,552.257615,52.23,28.72983798,,,,,
639,2001,6,120.6,2.03E-05,1000,35,6.91,27.08664533,181.7463583,16902.51113,157.68,27.67034216,,,,,
640,2001,9,120.3,2.10E-05,1000,35,5.01,22.9691308,248.9910133,3640.81855,79.83,19.4908042,,,,,
641,2001,12,120,2.16E-05,1000,35,1.5,22.95495411,316.8676423,112.2570342,18.33,7.734857991,,,,,
642,2001,15,119.8,2.21E-05,1000,35,2.91,16.39966327,365.7342029,39.31892271,14.49,8.219519739,,,,,
643,2001,18,119.6,2.26E-05,1000,35,1.64,16.39298823,414.6226091,7.365771061,0,2.713995405,,,,,
644,2001,21,119.55,2.31E-05,1001,17.5,2.13,14.90208283,458.0436733,0.216641688,0,0.465447836,,,,,
645,2001,24,119.5,2.36E-05,1002,0,1.59,14.90180292,501.6759712,17.36892121,0,-4.167603773,,,,,
646,1717,-24,129.8,2.04E-05,1008,0,1.89,0,960.7501063,366.0026764,0,-19.13119642,,,,,
647,1717,-21,128.95,2.03E-05,1007,0,1.73,30.51322383,869.9688178,188.9385573,0,-13.74549225,,,,,
648,1717,-18,128.1,2.02E-05,1006,0,1.55,30.52842147,779.1609279,112.2608317,0,-10.59532122,,,,,
649,1717,-15,127.75,2.03E-05,1006,0,1.52,13.64736879,745.9941051,113.9641821,0,-10.67540079,,,,,
650,1717,-12,127.4,2.05E-05,1006,0,1.32,13.6386486,713.7463607,100.6056207,0,-10.03023533,,,,,
651,1717,-9,126.55,2.05E-05,1005,0,1.04,30.32148854,625.5007763,36.85731168,0,-6.071022293,,,,,
652,1717,-6,125.7,2.04E-05,1004,0,0.73,30.32921064,538.0581355,11.41440971,0,-3.378521824,,,,,
653,1717,-3,125.35,2.06E-05,1004,0,0.31,13.6357248,509.3257258,21.26202805,0,-4.611076669,,,,,
654,1717,0,125,2.08E-05,1004,0,0.75,13.62690226,482.4632395,7.041455648,0,-2.653574127,,,,,
655,1717,3,124.95,2.13E-05,1004,0,0.96,16.74099353,501.9917926,9.663391908,0,-3.10859967,,,,,
656,1717,6,124.9,2.19E-05,1004,0,1.33,16.74078392,525.6333933,13.05901508,0,-3.613725927,,,,,
657,1717,9,124.55,2.28E-05,1004,0,1.76,30.36367964,553.1629677,10.77115292,0,-3.281943466,,,,,
658,1717,12,124.2,2.37E-05,1004,0,1.62,30.34234246,593.9096133,34.43176217,0,-5.867858397,,,,,
659,1717,15,123.45,2.42E-05,1004,0,2.6,30.13371675,591.9939887,14.52888115,0,-3.811676947,,,,,
660,1717,18,122.7,2.46E-05,1004,0,4.09,30.07706786,604.092592,1.161771841,0,-1.077855204,,,,,
661,1717,21,121.9,2.49E-05,1002,17.5,4.12,29.37994908,612.0029727,0.516809481,0,-0.718894625,,,,,
662,1717,24,121.1,2.52E-05,1000,35,2.2,29.33757954,632.3035479,30.71621419,0,-5.542221052,,,,,
663,1002,-24,126.5,1.80E-05,975,65,0.55,0,596.1634288,35.83515093,0,-5.986246815,,,,,
664,1002,-21,125.65,1.80E-05,975,65,1,30.56326237,504.6474551,1.017993589,0,1.008956684,,,,,
665,1002,-18,124.8,1.80E-05,975,65,1.32,30.56326237,413.2085527,30.18843478,0,5.494400311,,,,,
666,1002,-15,124.15,1.80E-05,975,65,1.37,23.43977846,342.798101,20.57287802,3.39,7.92573346,,,,,
667,1002,-12,123.5,1.81E-05,975,65,1.5,23.43456943,272.4187649,68.27493973,2.76,11.0228651,,,,,
668,1002,-9,122.9,1.81E-05,975,65,1.53,21.63878089,207.4419271,178.2838258,26.91,13.55770335,,,,,
669,1002,-6,122.3,1.82E-05,975,65,0.85,21.63394249,142.4941158,2127.778996,60.6,14.47214512,,,,,
670,1002,-3,121.6,1.81E-05,977.5,62.5,0.14,25.42898061,70.36124185,1139.32783,49.89,16.13606941,,,,,
671,1002,0,120.9,1.80E-05,980,60,1.45,25.44009545,34.90191072,116.4311526,31.62,20.82967319,,,,,
672,1002,3,120.25,1.82E-05,982.5,57.5,2.39,24.49485337,79.75457764,202.4103122,35.25,21.02290219,,,,,
673,1002,6,119.6,1.85E-05,985,55,1.81,24.47463588,149.2086308,644.0799628,41.91,16.53126948,,,,,
674,1002,9,118.95,1.88E-05,987.5,52.5,1.13,25.80531368,222.8856786,931.7702868,42.24,11.71508744,,,,,
675,1002,12,118.3,1.92E-05,990,50,2.36,25.7755628,298.1699256,341.8990838,29.79,11.29948666,,,,,
676,1002,15,118,1.96E-05,991,47.5,3.94,16.8084752,340.0849456,12.87182474,15.9,12.31226747,,,,,
677,1002,18,117.7,2.00E-05,992,45,4.2,16.79676302,383.8596655,16.37666531,6.66,10.70680928,,,,,
678,1002,21,116.9,2.01E-05,992,45,3.83,28.58798668,465.2563859,48.36163476,0,6.954252998,,,,,
679,1002,24,116.1,2.02E-05,992,45,2.67,28.58082886,547.9181936,0.157609074,0,0.397000093,,,,,
680,1203,-24,126.3,1.80E-05,1000,0,1.04,0,574.625273,25.42716117,0,-5.042535192,,,,,
681,1203,-21,125.9,1.83E-05,999,0,1.29,18.15071212,529.7696794,2.72188444,0,-1.649813456,,,,,
682,1203,-18,125.5,1.87E-05,998,0,0.75,18.13511732,487.1163319,2.544852797,0,-1.595259476,,,,,
683,1203,-15,125.3,1.90E-05,998,0,0.42,11.69755959,467.8869694,5.348631217,0,-2.312710794,,,,,
684,1203,-12,125.1,1.93E-05,998,0,1.56,11.69239196,450.6704155,0.789064523,0,0.888293039,,,,,
685,1203,-9,124.95,1.97E-05,997,17.5,3.37,12.32327162,442.2615304,41.6711651,0,6.455320682,,,,,
686,1203,-6,124.8,2.00E-05,996,35,2.87,12.3199054,436.9117428,39.88126664,0,6.315161648,,,,,
687,1203,-3,124.55,2.04E-05,993,40,3.07,14.22789078,425.1249264,49.76898851,0,7.054713921,,,,,
688,1203,0,124.3,2.08E-05,990,45,3.76,14.21937021,417.5310919,74.96995013,0,8.658518934,,,,,
689,1203,3,124.3,2.11E-05,987.5,47.5,3.92,9.248138421,432.5099549,57.75177989,0,7.599459184,,,,,
690,1203,6,124.3,2.14E-05,985,50,4.39,9.248214318,448.7016356,57.64515347,0,7.592440548,,,,,
691,1203,9,124.4,2.17E-05,982.5,52.5,5.39,9.903300906,474.0693267,72.60541974,0,8.520881395,,,,,
692,1203,12,124.5,2.20E-05,980,55,6.04,9.901635847,499.869604,72.93434311,0,8.540160602,,,,,
693,1203,15,124.6,2.23E-05,980,55,5.42,9.899949775,526.0364011,31.98174513,0,5.655240501,,,,,
694,1203,18,124.7,2.26E-05,980,55,4.36,9.89824281,552.5153082,2.878182077,0,1.69652058,,,,,
695,1203,21,124.85,2.29E-05,980,55,4.66,10.65111859,582.9525267,0.813940302,0,0.902186401,,,,,
696,1203,24,125,2.32E-05,980,55,4.67,10.64737441,613.4788941,0.421448303,0,-0.649190498,,,,,
697,2022,-24,125.7,1.82E-05,990,55,1.43,0,508.5862366,1.373436688,0,1.171937152,,,,,
698,2022,-21,125.15,1.83E-05,982.5,60,1.43,19.8404372,449.1179671,17.80909565,0,4.220082422,,,,,
699,2022,-18,124.6,1.83E-05,975,65,1.73,19.83597517,389.7273933,2.248805965,8.1,6.600398065,,,,,
700,2022,-15,124.05,1.82E-05,972.5,67.5,2.24,20.10177415,330.8302991,10.27819853,6.84,10.04596296,,,,,
701,2022,-12,123.5,1.81E-05,970,70,2.6,20.11050887,272.4187649,3.094748437,14.85,13.09081029,,,,,
702,2022,-9,123.15,1.83E-05,967.5,72.5,3.93,14.58364226,233.5264862,151.0653551,29.43,17.1391353,,,,,
703,2022,-6,122.8,1.86E-05,965,75,5.77,14.57375127,196.8459224,288.3721063,5.7,22.6815225,,,,,
704,2022,-3,122.05,1.88E-05,967.5,72.5,7.45,27.45439745,121.0849735,78.17475378,21.96,30.80164882,,,,,
705,2022,0,121.3,1.89E-05,970,70,10.49,27.43590458,64.75949806,2733.215869,92.76,40.47983293,,,,,
706,2022,3,120.45,1.90E-05,977.5,62.5,11.08,30.50045818,83.29872572,892.4280181,71.49,41.61646626,,,,,
707,2022,6,119.6,1.91E-05,985,55,11.91,30.49326662,162.5382448,2239.462584,87.84,40.51703956,,,,,
708,2022,9,119.05,1.91E-05,982.5,57.5,11.18,19.69460987,217.8427704,1552.902816,74.67,35.26311208,,,,,
709,2022,12,118.5,1.91E-05,980,60,8.47,19.69460987,274.7254304,778.7136953,53.85,25.94455796,,,,,
710,2022,15,117.9,1.90E-05,980,60,7.24,21.56955715,336.6771134,347.8927179,38.97,20.31811758,,,,,
711,2022,18,117.3,1.89E-05,980,60,6.42,21.57460775,399.5541546,411.4362795,35.79,15.50610788,,,,,
712,2022,21,116.8,1.90E-05,980,60,5.62,18.00368269,453.4431913,116.6418981,0,10.80008788,,,,,
713,2022,24,116.3,1.91E-05,980,60,4.96,17.99946717,507.3129196,44.73270012,0,6.688250901,,,,,
714,1604,-24,126.9,1.69E-05,1002,0,2.17,0,654.615652,25.35470211,0,-5.035345282,,,,,
715,1604,-21,126.5,1.77E-05,1002,0,1.84,29.62527179,598.3545251,3.137351664,0,-1.771257086,,,,,
716,1604,-18,126.15,1.86E-05,1000,17.5,1.76,28.77704694,556.6153776,0.052552092,0,0.22924243,,,,,
717,1604,-15,125.8,1.94E-05,998,35,1.27,28.75946147,526.2835067,0.72278198,0,0.850165855,,,,,
718,1604,-12,125.1,2.00E-05,996,37.5,2.24,30.01373865,465.3608261,28.85981126,0,5.372132841,,,,,
719,1604,-9,124.4,2.05E-05,994,40,4.37,29.96659795,415.8522405,147.5047958,0,12.14515524,,,,,
720,1604,-6,124.1,2.08E-05,992,42.5,4.88,14.11643882,402.6354504,154.1241222,0,12.41467366,,,,,
721,1604,-3,123.8,2.11E-05,990,45,4.35,14.10589972,393.6903201,69.0845526,2.82,11.13171177,,,,,
722,1604,0,123.45,2.15E-05,987.5,47.5,3.63,16.64582661,389.6900555,39.48901274,2.97,9.254028385,,,,,
723,1604,3,123.1,2.19E-05,985,50,4.02,16.6307925,392.2194133,69.37574407,1.26,9.589210291,,,,,
724,1604,6,122.7,2.23E-05,980,55,4.1,19.16376022,403.5987572,77.5795339,0,8.807924494,,,,,
725,1604,9,122.3,2.27E-05,975,60,4.31,19.14319217,422.7041606,61.25475733,0,7.82654185,,,,,
726,1604,12,121.75,2.31E-05,975,60,5.52,22.31028797,439.9028317,98.11607508,0,9.905355878,,,,,
727,1604,15,121.2,2.34E-05,975,60,5.51,22.28070967,466.2364505,71.58009836,0,8.460502252,,,,,
728,1604,18,120.65,2.39E-05,977.5,57.5,5.05,23.22391275,505.7303245,30.66801144,0,5.537870659,,,,,
729,1604,21,120.1,2.43E-05,980,55,4.17,23.18976846,551.2038727,1.726010722,0,1.313777273,,,,,
730,1604,24,119.5,2.46E-05,980,55,3.74,23.70634784,597.2078888,3.788417986,0,-1.946385878,,,,,
731,1415,-24,127,1.90E-05,977.5,57.5,2.36,0,649.4465848,19.68321385,0,-4.436576816,,,,,
732,1415,-21,126.6,1.93E-05,975,60,2.72,17.03781861,609.3503637,1.195811115,0,-1.093531488,,,,,
733,1415,-18,126.15,1.96E-05,972.5,62.5,2.74,17.7028411,564.9975087,0.189651383,0,0.43548982,,,,,
734,1415,-15,125.7,1.98E-05,970,65,2.46,17.68853223,522.4740597,1.324836473,0,1.15101541,,,,,
735,1415,-12,125.1,2.02E-05,970,65,1.62,24.09805163,470.6573378,2.159511058,0,1.469527495,,,,,
736,1415,-9,124.5,2.05E-05,970,65,1.96,24.06914905,425.2558843,15.46303687,0,3.932306813,,,,,
737,1415,-6,123.95,2.09E-05,970,65,3.07,22.47833023,392.7215542,315.6283876,25.32,7.554066654,,,,,
738,1415,-3,123.4,2.13E-05,970,65,5.12,22.45145247,370.0560495,43.27234563,19.71,13.13182809,,,,,
739,1415,0,122.55,2.17E-05,970,65,6.31,33.53809139,352.1470145,63.18032063,25.17,17.22139505,,,,,
740,1415,3,121.7,2.22E-05,970,65,7.75,33.4784437,362.7417557,46.79844198,26.7,19.85906132,,,,,
741,1415,6,120.65,2.23E-05,972.5,62.5,7.76,37.13238602,361.939099,18.78734548,24.45,20.11556284,,,,,
742,1415,9,119.6,2.24E-05,975,60,7.07,37.12196294,393.9899749,38.46477126,23.22,17.01800264,,,,,
743,1415,12,118.9,2.24E-05,972.5,62.5,6.8,24.77939124,431.8611506,182.3076303,0,13.50213429,,,,,
744,1415,15,118.2,2.25E-05,970,65,6.28,24.7724159,478.3255386,97.32206666,0,9.865194709,,,,,
745,1415,18,117.25,2.28E-05,970,65,5.9,35.26051161,569.0649889,30.44798539,0,5.517969318,,,,,
746,1415,21,116.3,2.32E-05,970,65,4.83,35.2051088,663.8512871,2.126480341,0,-1.458245638,,,,,
747,1415,24,115.45,2.34E-05,967.5,67.5,4.93,30.37782316,742.8229236,28.9157032,0,-5.37733235,,,,,
748,1209,-24,126.8,1.82E-05,1000,35,2.28,0,627.1124574,3.380229643,0,-1.838540085,,,,,
749,1209,-21,126.55,1.87E-05,998,37.5,2.4,17.3000411,599.8631884,0.158532807,0,0.398161785,,,,,
750,1209,-18,126.3,1.92E-05,996,40,1.51,17.29145448,576.1908157,1.426262397,0,-1.194262281,,,,,
751,1209,-15,126.15,1.95E-05,996,40,1.9,10.68993477,564.0709142,0.240486817,0,-0.490394552,,,,,
752,1209,-12,126,1.98E-05,996,40,1.97,10.68670605,553.6145407,0.024144383,0,-0.155384629,,,,,
753,1209,-9,125.75,2.00E-05,993,42.5,1.71,11.5867417,533.1848469,0.11167725,0,-0.334181463,,,,,
754,1209,-6,125.5,2.03E-05,990,45,1.02,11.57986174,514.3960286,2.961884549,0,-1.721012652,,,,,
755,1209,-3,125.2,2.08E-05,987.5,50,2.01,18.24155917,501.5137302,1.803090315,0,1.342791985,,,,,
756,1209,0,124.9,2.13E-05,985,55,3.14,18.22858822,494.6120429,16.07586005,0,4.009471294,,,,,
757,1209,3,124.8,2.16E-05,985,55,2.36,9.903961021,500.9547713,0.96517535,0,0.982433382,,,,,
758,1209,6,124.7,2.19E-05,985,55,2.7,9.902304398,508.9966037,1.390920388,0,1.179372879,,,,,
759,1209,9,124.55,2.23E-05,985,55,4.09,13.98983431,522.188097,15.54112913,0,3.942223882,,,,,
760,1209,12,124.4,2.27E-05,985,55,5.31,13.9859985,538.4166899,34.48005672,0,5.871972132,,,,,
761,1209,15,124.65,2.31E-05,985,55,5.82,15.65249608,584.4738412,24.48816533,0,4.948551841,,,,,
762,1209,18,124.9,2.36E-05,985,55,5.49,15.64241597,630.5244987,3.400754968,0,1.8441136,,,,,
763,1209,21,125.05,2.39E-05,982.5,55,5,12.28046852,665.6184963,2.891745703,0,-1.700513364,,,,,
764,1209,24,125.2,2.43E-05,980,55,6,12.27644907,700.8165066,2.114111243,0,-1.453998364,,,,,
765,1104,-24,127.4,1.56E-05,1006,0,1.84,0,739.3859627,70.55843934,0,-8.399907103,,,,,
766,1104,-21,127.05,1.62E-05,1006,0,2.01,22.41196535,685.0353931,19.85102117,0,-4.455448482,,,,,
767,1104,-18,126.7,1.69E-05,1006,0,1.76,22.39761025,633.4293206,10.79956547,0,-3.286269232,,,,,
768,1104,-15,126.15,1.75E-05,1005,0,1.47,27.10211992,563.8717033,1.484726687,0,-1.218493614,,,,,
769,1104,-12,125.6,1.81E-05,1004,0,1.31,27.07048715,498.4166534,0.419151346,0,0.647418988,,,,,
770,1104,-9,125.25,1.86E-05,1004,0,0.51,19.40585858,459.8410943,0.293616841,0,-0.541864227,,,,,
771,1104,-6,124.9,1.91E-05,1004,0,1.7,19.39081569,426.0319491,11.62976737,0,3.410244474,,,,,
772,1104,-3,124.7,1.95E-05,1003,0,2.23,14.78982318,412.298234,20.11668374,0,4.485162622,,,,,
773,1104,0,124.5,1.99E-05,1002,0,1.77,14.78400932,403.1369652,10.9453654,0,3.308378061,,,,,
774,1104,3,124.35,2.04E-05,1002,0,1.66,15.73161649,406.0739253,6.92991023,0,2.632472266,,,,,
775,1104,6,124.2,2.09E-05,1002,0,2.68,15.72805044,414.5007176,19.15948382,0,4.377154763,,,,,
776,1104,9,123.95,2.14E-05,1002,0,2.36,18.859733,423.6503131,9.505593729,0,3.083114291,,,,,
777,1104,12,123.7,2.20E-05,1002,0,2.47,18.84973844,440.1182165,5.0659492,0,2.250766358,,,,,
778,1104,15,123.15,2.27E-05,1003,0,3.47,28.10846113,455.4592853,19.10861149,0,4.371339782,,,,,
779,1104,18,122.6,2.33E-05,1004,0,4.57,28.06606247,485.5247519,29.95061619,0,5.472715614,,,,,
780,1104,21,121.8,2.37E-05,1003,0,4.72,30.18254413,495.4069929,25.85920995,0,5.085195173,,,,,
781,1104,24,121,2.40E-05,1002,0,4.02,30.13517892,521.1765123,3.427330411,0,1.851305056,,,,,
782,2018,-24,126.9,1.69E-05,993,47.5,1.24,0,654.615652,26.32053351,0,-5.130354131,,,,,
783,2018,-21,126.4,1.69E-05,992,50,1.34,18.04815257,601.7127689,2.180787037,0,-1.476748806,,,,,
784,2018,-18,125.55,1.69E-05,988.5,55,1.54,30.68185937,512.3735261,11.57930292,0,3.40283748,,,,,
785,2018,-15,124.7,1.69E-05,985,60,1.45,30.68185937,424.1930942,43.92238047,0,6.627396206,,,,,
786,2018,-12,123.95,1.68E-05,980,65,2.06,27.14093224,350.2816263,48.911377,3.51,10.50366692,,,,,
787,2018,-9,123.2,1.67E-05,975,70,2.57,27.1465164,280.4827455,2.714779956,12.57,14.21765893,,,,,
788,2018,-6,122.5,1.66E-05,975,70,2.79,25.55735202,226.5798095,13.06646444,20.4,16.78524352,,,,,
789,2018,-3,121.8,1.65E-05,975,70,3.58,25.56755566,189.0036103,0.050013845,19.92,20.14363775,,,,,
790,2018,0,121.1,1.65E-05,975,70,5.06,25.36096204,161.8706424,6.934286323,27.3,24.66669669,,,,,
791,2018,3,120.4,1.66E-05,975,70,6.73,25.35580956,168.1089496,1200.655966,62.85,28.19951709,,,,,
792,2018,6,119.6,1.67E-05,975,67.5,9.56,29.12484084,208.2454841,70.85200592,24.75,33.16736336,,,,,
793,2018,9,118.8,1.69E-05,975,65,11.81,29.11297602,271.4725031,628.1419323,10.38,35.44275987,,,,,
794,2018,12,118.15,1.69E-05,970,70,8.27,23.46259834,334.541731,225.8521839,8.25,23.27837928,,,,,
795,2018,15,117.5,1.69E-05,965,75,6.74,23.46259834,400.0598743,264.3607665,0,16.25917484,,,,,
796,2018,18,116.75,1.69E-05,960,77.5,5.62,27.07222885,477.383519,96.03480188,0,9.799734786,,,,,
797,2018,21,116,1.69E-05,955,80,5.26,27.07222885,555.8187167,23.6728644,0,4.865476791,,,,,
798,2018,24,115.2,1.69E-05,952.5,82.5,4.1,28.87704411,640.2478755,3.14405311,0,-1.773147797,,,,,
799,1329,-24,126.8,2.15E-05,992,50,2.65,0,682.4541811,20.82924825,0,-4.563907125,,,,,
800,1329,-21,126.1,2.17E-05,991,52.5,2.26,25.40611308,623.3505804,1.898031422,0,-1.377690612,,,,,
801,1329,-18,125.4,2.19E-05,990,55,1.35,25.38624778,568.5664345,2.113677122,0,-1.453849071,,,,,
802,1329,-15,124.8,2.19E-05,987.5,57.5,0.74,21.30803987,520.6520459,2.331101955,0,-1.526794667,,,,,
803,1329,-12,124.2,2.20E-05,985,60,1.49,21.30219566,476.5696921,3.133007726,0,1.770030431,,,,,
804,1329,-9,123.65,2.22E-05,982.5,62.5,1.64,20.79251339,453.5940273,7.010581911,0,2.647750349,,,,,
805,1329,-6,123.1,2.25E-05,980,65,1.44,20.77207022,438.5256435,5.487925618,0,2.342632199,,,,,
806,1329,-3,122.45,2.27E-05,977.5,67.5,1.87,23.58135659,423.0444788,14.51488236,0,3.809840201,,,,,
807,1329,0,121.8,2.28E-05,975,70,3.01,23.56217023,419.1791946,40.00993662,0,6.325340831,,,,,
808,1329,3,121.2,2.30E-05,975,70,3.48,21.44714988,421.8988676,48.04880814,0,6.93172476,,,,,
809,1329,6,120.6,2.31E-05,975,70,2.34,21.43503895,434.2495148,11.78944061,0,3.433575485,,,,,
810,1329,9,119.95,2.33E-05,975,70,2.23,24.01423531,467.4190708,2.809022428,0,1.676013851,,,,,
811,1329,12,119.3,2.36E-05,975,70,2.01,23.9884409,508.6241984,0.834428167,0,-0.913470398,,,,,
812,1329,15,118.75,2.37E-05,975,70,1.99,19.64811884,541.4979469,8.400169485,0,-2.898304588,,,,,
813,1329,18,118.2,2.38E-05,975,70,2.06,19.63670342,578.4676407,20.52667595,0,-4.530637477,,,,,
814,1329,21,117.75,2.40E-05,975,70,3.33,16.71254635,617.4593326,12.95621675,0,-3.59947451,,,,,
815,1329,24,117.3,2.42E-05,975,70,2.96,16.69891152,657.8725498,41.89756815,0,-6.472833086,,,,,
816,1905,-24,127.5,2.13E-05,998,0,0.1,0,743.0527652,254.479723,0,-15.9524206,,,,,
817,1905,-21,126.75,2.13E-05,998,0,0.41,26.61383962,669.1078,106.6204708,0,-10.3257189,,,,,
818,1905,-18,126,2.13E-05,998,0,1.35,26.61383962,596.6845235,26.57823923,0,-5.155408735,,,,,
819,1905,-15,125.45,2.13E-05,996,17.5,1.95,19.5990752,547.5120693,1.739869098,0,-1.319040977,,,,,
820,1905,-12,124.9,2.14E-05,994,35,2.22,19.59386945,500.4798047,4.397556856,0,2.097035254,,,,,
821,1905,-9,124.4,2.14E-05,994,35,3.16,17.82452616,460.4260207,33.23659722,0,5.765119012,,,,,
822,1905,-6,123.9,2.15E-05,994,35,3.76,17.81977131,423.3964394,73.52486437,0,8.574664097,,,,,
823,1905,-3,123.65,2.16E-05,994,35,3.19,9.050386341,408.2377548,49.12359662,0,7.00882277,,,,,
824,1905,0,123.4,2.16E-05,994,35,2.73,9.048033735,394.3883951,5.675273355,8.7,6.317716777,,,,,
825,1905,3,123.45,2.21E-05,994,35,3.11,14.90262716,431.8973334,32.53436285,0,5.70389015,,,,,
826,1905,6,123.5,2.26E-05,994,35,4.53,14.90235759,470.6346666,50.75106026,0,7.12397784,,,,,
827,1905,9,123.6,2.31E-05,994,35,4.28,17.01524025,517.7848561,18.60073661,0,4.312857129,,,,,
828,1905,12,123.7,2.37E-05,994,35,4.89,17.01356603,565.5525935,11.2886143,0,3.359853315,,,,,
829,1905,15,123.9,2.46E-05,993,35,6.08,28.61285895,647.795727,8.508085518,0,2.916862273,,,,,
830,1905,18,124.1,2.55E-05,992,35,6.98,28.60548454,730.6899515,0.835833696,0,0.914239408,,,,,
831,1905,21,124.1,2.63E-05,992,35,7.03,25.89886431,800.4243322,6.746890389,0,-2.597477698,,,,,
832,1905,24,124.1,2.71E-05,992,35,5.08,25.89959218,871.499174,116.4776345,0,-10.79248046,,,,,
833,1208,-24,126.2,1.92E-05,1004,0,1.81,0,565.5520917,7.164643195,0,-2.676685113,,,,,
834,1208,-21,125.9,1.93E-05,1004,0,2.95,11.35185759,535.1284763,3.894324012,0,1.973404169,,,,,
835,1208,-18,125.6,1.94E-05,1004,0,3.51,11.34696804,505.2318008,19.2559606,0,4.388161414,,,,,
836,1208,-15,125.25,1.96E-05,1004,0,3.42,13.68147985,471.9680393,30.36017715,0,5.510007001,,,,,
837,1208,-12,124.9,1.98E-05,1004,0,3.39,13.67306772,440.1316771,42.86762263,0,6.547337064,,,,,
838,1208,-9,124.6,2.00E-05,1004,0,3.69,13.00923989,416.9694888,63.42367457,0,7.963898202,,,,,
839,1208,-6,124.3,2.03E-05,1004,0,3.43,13.00040407,396.4263551,25.49626748,2.88,7.929382881,,,,,
840,1208,-3,123.85,2.08E-05,1003,0,3.23,23.08761217,380.9123537,13.99081041,4.59,8.330429175,,,,,
841,1208,0,123.4,2.14E-05,1002,0,3.33,23.06142615,378.0154443,12.06262283,4.68,8.15312868,,,,,
842,1208,3,123.05,2.22E-05,1002,0,4.38,28.69651205,416.926501,80.21148833,0,8.956086664,,,,,
843,1208,6,122.7,2.31E-05,1002,0,5.49,28.6758182,468.8602448,79.29545767,0,8.904799698,,,,,
844,1208,9,121.6,2.34E-05,1001,0,4.82,39.74214258,464.7068721,60.99292924,0,7.809797004,,,,,
845,1208,12,120.5,2.37E-05,1000,0,3.72,39.68613052,490.50458,12.96245719,0,3.60034126,,,,,
846,1208,15,119.55,2.35E-05,1000,0,3.47,33.81895814,494.7874138,5.152773426,0,2.26997212,,,,,
847,1208,18,118.6,2.33E-05,1000,0,3.24,33.84825392,519.3547451,0.295989988,0,0.544049619,,,,,
848,1208,21,118.1,2.33E-05,999,0,2.84,17.57382763,546.8041033,9.510429428,0,-3.083898414,,,,,
849,1208,24,117.6,2.33E-05,998,0,3.4,17.57382763,577.7709002,11.42859722,0,-3.380620834,,,,,
850,2015,-24,124.8,1.73E-05,1004,0,1.27,0,422.2653043,7.80142216,0,2.793102605,,,,,
851,2015,-21,124.55,1.73E-05,1005,0,1.59,9.008847794,395.8904045,758.7482043,32.85,5.304615553,,,,,
852,2015,-18,124.3,1.73E-05,1006,0,1.6,9.008847794,369.6096667,203.1050188,20.67,6.418508191,,,,,
853,2015,-15,124.1,1.73E-05,1006,0,1.79,7.44208942,350.1977455,33.05022726,13.17,7.421067294,,,,,
854,2015,-12,123.9,1.72E-05,1006,0,1.1,7.443577184,331.1342884,33.67688009,12.24,6.436821552,,,,,
855,2015,-9,123.25,1.69E-05,1007,0,1.11,25.21458028,276.9243353,15.16322522,14.01,10.11600138,,,,,
856,2015,-6,122.6,1.66E-05,1008,0,1.04,25.23712459,234.5664963,21.60136174,16.47,11.82227349,,,,,
857,2015,-3,121.9,1.64E-05,1007,0,2.14,25.90484812,199.1219007,2.723924453,17.43,15.7795684,,,,,
858,2015,0,121.2,1.62E-05,1006,0,2.91,25.91975747,190.5774233,3.293943529,19.56,17.74507754,,,,,
859,2015,3,120.15,1.62E-05,1007,0,3.02,38.03104227,214.5880085,85.85883477,27.06,17.79399575,,,,,
860,2015,6,119.1,1.61E-05,1008,0,2.37,38.03858048,286.0543756,150.2808898,25.41,13.15108937,,,,,
861,2015,9,118.55,1.60E-05,1007,0,2.97,19.99107497,334.766906,348.8599242,29.61,10.93220773,,,,,
862,2015,12,118,1.60E-05,1006,0,2.2,19.99498094,386.6898323,1919.045003,50.34,6.53309412,,,,,
863,2015,15,117.4,1.60E-05,1006,0,1.61,21.7935346,440.0049723,7.707701808,0,2.776274808,,,,,
864,2015,18,116.8,1.61E-05,1006,0,1.37,21.78925412,496.1740726,0.180457984,0,-0.424803465,,,,,
865,2015,21,116.25,1.64E-05,1005,0,1.85,21.21694758,543.2759493,3.083477811,0,-1.755983431,,,,,
866,2015,24,115.7,1.66E-05,1004,0,1.7,21.2018285,593.3025643,21.66050061,0,-4.654084293,,,,,
867,1101,-24,125.05,1.69E-05,996,35,3.42,0,460.3194491,62.27553896,0,7.891485219,,,,,
868,1101,-21,124.7,1.70E-05,996,35,2.12,13.15899415,420.668698,51.59881317,0,7.183231388,,,,,
869,1101,-18,124.45,1.73E-05,996,35,1.84,12.91147854,386.7659887,39.38732017,1.38,7.655931817,,,,,
870,1101,-15,124.2,1.76E-05,996,35,1.77,12.90475168,353.9714663,13.13830637,4.98,8.604680175,,,,,
871,1101,-12,123.95,1.79E-05,995,35,2.41,12.89790991,322.6119882,18.85720181,6.72,11.06248797,,,,,
872,1101,-9,123.7,1.82E-05,994,35,3.09,12.89095356,293.1355152,0.009258559,13.44,13.53622141,,,,,
873,1101,-6,123.4,1.86E-05,993,37.5,3.86,15.45894622,261.1243987,702.6986437,43.17,16.66153638,,,,,
874,1101,-3,123.1,1.89E-05,992,40,4.69,15.4485515,234.1679396,1128.496404,53.16,19.56689946,,,,,
875,1101,0,123,1.93E-05,992,40,5.43,9.915851342,231.8805275,414.6944042,41.1,20.73595315,,,,,
876,1101,3,122.9,1.96E-05,992,40,6.11,9.91435843,233.4376407,43.83128445,28.65,22.02948005,,,,,
877,1101,6,122.7,2.00E-05,992,40,5.99,14.78316911,236.8771846,3.481097002,23.49,21.62423019,,,,,
878,1101,9,122.5,2.04E-05,992,40,6.32,14.77722039,248.425772,3.89196167,23.58,21.60719447,,,,,
879,1101,12,122.4,2.10E-05,994,37.5,6.11,17.02158747,282.0448504,3.606898941,17.64,19.53918376,,,,,
880,1101,15,122.3,2.15E-05,996,35,5.98,17.02005389,320.3556914,18.65195516,13.02,17.33879094,,,,,
881,1101,18,122.3,2.20E-05,996,35,6.5,14.79739048,360.6829337,51.99450755,9.15,16.36072171,,,,,
882,1101,21,122.3,2.25E-05,996,35,6.51,14.79759299,401.8679689,203.8136587,0,14.27633212,,,,,
883,1101,24,122.25,2.32E-05,996,35,5.98,22.26639754,463.2041511,110.0540085,0,10.49066292,,,,,
884,1013,-24,124.65,2.23E-05,890,122.5,1.27,0,529.9097284,118.4501252,0,-10.88347946,,,,,
885,1013,-21,124.2,2.20E-05,885,125,1.59,18.40818008,476.5696921,50.51369689,0,-7.107298846,,,,,
886,1013,-18,123.75,2.19E-05,885,125,2.08,16.02779235,439.5230135,21.69739916,0,-4.65804671,,,,,
887,1013,-15,123.3,2.19E-05,885,125,2.64,16.03215053,404.7656539,4.013092392,0,-2.003270424,,,,,
888,1013,-12,122.6,2.16E-05,897.5,115,2.77,25.87960198,345.0691481,2.656790567,0.9,2.529966431,,,,,
889,1013,-9,121.9,2.14E-05,910,105,3.03,25.9052814,293.6904786,31.92014126,0.63,6.279791258,,,,,
890,1013,-6,121.35,2.12E-05,925,97.5,3.74,20.29530461,263.2617601,8.300023716,7.47,10.35097617,,,,,
891,1013,-3,120.8,2.10E-05,940,90,5.52,20.31021644,244.4566897,0.166375007,16.5,16.90789093,,,,,
892,1013,0,120.25,2.08E-05,945,87.5,5.67,20.3250004,240.0912156,0.773518178,18.75,17.87050118,,,,,
893,1013,3,119.7,2.07E-05,950,85,5.86,20.33965637,250.9843316,17.8848878,22.47,18.24094717,,,,,
894,1013,6,119.45,2.07E-05,950,82.5,6.63,8.894610387,266.4748546,60.53335078,26.04,18.25968183,,,,,
895,1013,9,119.2,2.07E-05,950,80,6.13,8.894610387,283.634651,18.34001794,20.25,15.96747528,,,,,
896,1013,12,118.9,2.07E-05,950,80,5.95,10.82988341,309.8326614,3.71401865,12.45,14.37717894,,,,,
897,1013,15,118.6,2.08E-05,950,80,5.94,10.82715339,337.1057483,0.118941144,13.32,12.97512155,,,,,
898,1013,18,118.25,2.08E-05,950,80,5.2,12.44599778,366.0765597,23.40304553,14.73,9.892330568,,,,,
899,1013,21,117.9,2.08E-05,950,80,5.29,12.44599778,396.4493172,92.85490104,18.27,8.633875206,,,,,
900,1013,24,117.75,2.10E-05,950,80,5,7.69394962,418.8277029,40.87975405,0,6.393727712,,,,,
901,1912,-24,128.85,1.70E-05,1002,0,1.89,0,860.4092559,209.625211,0,-14.47843952,,,,,
902,1912,-21,128.2,1.70E-05,1002,0,1.25,23.45280695,790.8314027,133.4394387,0,-11.55159897,,,,,
903,1912,-18,127.35,1.75E-05,1002,0,1.42,34.84324735,691.7731132,41.82301624,0,-6.46707169,,,,,
904,1912,-15,126.5,1.81E-05,1002,0,1.53,34.79006681,595.3726247,6.24188619,0,-2.498376711,,,,,
905,1912,-12,125.35,1.87E-05,1001,0,1.89,45.19530109,471.0177925,14.95744642,0,3.867485801,,,,,
906,1912,-9,124.2,1.93E-05,1000,0,2.09,45.10663136,356.4555876,0.041529029,8.88,8.676213275,,,,,
907,1912,-6,123.05,1.97E-05,1001,0,2.9,42.55295152,252.7720037,91.54442167,5.1,14.66788491,,,,,
908,1912,-3,121.9,2.00E-05,1002,0,3.28,42.49406926,183.4092569,316.9099937,0.57,18.37196601,,,,,
909,1912,0,120.75,2.01E-05,1001,0,2.96,41.05082068,162.3589745,234.5886722,2.7,18.01628781,,,,,
910,1912,3,119.6,2.02E-05,1000,0,3.02,41.04052005,222.2809637,77.94906933,6.39,15.21887701,,,,,
911,1912,6,118.45,2.04E-05,999,17.5,3.72,41.62010926,329.5684717,107.190055,2.85,13.20326301,,,,,
912,1912,9,117.3,2.07E-05,998,35,2.85,41.57873195,445.7902196,48.17596475,0,6.940890775,,,,,
913,1912,12,116.65,2.07E-05,997,37.5,3.12,23.19386703,510.2266754,11.35990087,0,3.370445204,,,,,
914,1912,15,116,2.08E-05,996,40,2.94,23.18788203,575.8037795,0.002596531,0,-0.050956171,,,,,
915,1912,18,115.25,2.10E-05,995,40,4.18,27.22065119,655.7956834,0.35467518,0,-0.595546119,,,,,
916,1912,21,114.5,2.11E-05,994,40,5.12,27.20001104,735.9421282,4.512103122,0,-2.124171161,,,,,
917,1912,24,113.85,2.13E-05,994,40,4.6,23.71741132,806.1289453,47.42841302,0,-6.886828952,,,,,
918,1108,-24,124.1,1.77E-05,997,17.5,2.55,0,342.2594859,56.53937005,16.92,9.40073341,,,,,
919,1108,-21,123.9,1.76E-05,996,35,3.9,7.434571197,322.2126745,8.494754957,17.94,15.02542371,,,,,
920,1108,-18,123.7,1.77E-05,994,37.5,4.57,8.092543088,298.7156714,5.708959974,19.77,17.380657,,,,,
921,1108,-15,123.5,1.78E-05,992,40,4.47,8.089731646,275.3935682,0.428770349,18.48,17.82519442,,,,,
922,1108,-12,123.3,1.80E-05,991,42.5,5.87,8.086901008,252.2904193,11.42376572,18.6,21.97990617,,,,,
923,1108,-9,123.1,1.81E-05,990,45,6.27,8.084051188,229.4673997,0.337581952,24.33,23.74898197,,,,,
924,1108,-6,122.9,1.84E-05,990,45,6.21,11.70765807,206.6102791,4.329445131,26.64,24.55926813,,,,,
925,1108,-3,122.7,1.87E-05,990,45,5.14,11.70264839,187.6876383,0.388387654,23.13,22.50679245,,,,,
926,1108,0,122.5,1.91E-05,990,45,5.82,14.79471197,178.0691588,11.62673061,27.87,24.4602008,,,,,
927,1108,3,122.3,1.96E-05,990,45,5.36,14.78899988,179.3753656,48.57509589,29.91,22.94041638,,,,,
928,1108,6,121.95,2.01E-05,990,45,4.82,20.80560353,190.9528355,57.97032421,28.83,21.21617545,,,,,
929,1108,9,121.6,2.07E-05,990,45,4.55,20.78865758,220.4808096,23.85231815,23.79,18.90611649,,,,,
930,1108,12,120.85,2.12E-05,990,45,5.78,31.39723966,260.712573,9.671167644,17.43,20.5398501,,,,,
931,1108,15,120.1,2.17E-05,990,45,6.22,31.34266574,324.120013,1.048541378,17.49,18.51398309,,,,,
932,1108,18,119.35,2.20E-05,990,45,5.62,28.08618076,379.7882353,0.856551263,13.23,14.15550055,,,,,
933,1108,21,118.6,2.24E-05,990,45,3.8,28.05120654,444.3758033,44.49118474,0,6.670171268,,,,,
934,1108,24,117.7,2.25E-05,990,45,2.93,31.97605584,512.6229877,2.913167943,0,1.706800499,,,,,
935,1422,-24,123.1,1.61E-05,975,65,4.39,0,304.8477356,168.2595611,3.33,16.30149032,,,,,
936,1422,-21,122.85,1.64E-05,977.5,62.5,4.77,11.68018488,269.6883448,191.4578398,5.61,19.44682911,,,,,
937,1422,-18,122.6,1.66E-05,980,60,5.27,11.67453051,234.5664963,90.96781284,12.54,22.0777048,,,,,
938,1422,-15,122.3,1.68E-05,982.5,57.5,5.54,12.16952342,199.3539055,32.63194783,18.48,24.19243799,,,,,
939,1422,-12,122,1.70E-05,985,55,6.01,12.16351176,164.7755192,16.37128434,22.68,26.72614438,,,,,
940,1422,-9,121.6,1.71E-05,987.5,50,6.77,14.89307364,129.944387,19.62020459,25.59,30.01947001,,,,,
941,1422,-6,121.2,1.72E-05,990,45,7.96,14.88715437,103.0644993,161.7205545,46.53,33.81306033,,,,,
942,1422,-3,121.1,1.72E-05,990,42.5,8.51,3.605078444,101.142187,1629.555034,74.43,34.06225255,,,,,
943,1422,0,121,1.72E-05,990,40,8.07,3.605078444,100.3550278,1014.010183,64.53,32.68647346,,,,,
944,1422,3,120.8,1.72E-05,992,37.5,7.74,7.210156888,102.253248,683.3981896,58.14,31.99811427,,,,,
945,1422,6,120.6,1.72E-05,994,35,7.99,7.210156888,108.5176315,367.0155133,51.42,32.26235105,,,,,
946,1422,9,120.15,1.72E-05,994,35,8.79,16.3313568,138.9813558,63.64062604,41.34,33.36249249,,,,,
947,1422,12,119.7,1.71E-05,994,35,8.07,16.33476704,177.943262,7.774352194,27.03,29.81825253,,,,,
948,1422,15,119.3,1.71E-05,992,37.5,6.9,14.42642715,213.4134964,64.87803271,17.01,25.06469011,,,,,
949,1422,18,118.9,1.71E-05,990,40,5.61,14.42642715,251.3424533,1.268384995,21.18,20.053774,,,,,
950,1422,21,118.4,1.72E-05,990,40,4.36,18.12383076,298.7256415,0.439281422,14.4,15.06278309,,,,,
951,1422,24,117.9,1.72E-05,990,40,3.18,18.12002328,348.1203387,45.90633816,3.15,9.925421622,,,,,
952,1206,-24,128.9,1.92E-05,1000,35,1.71,0,853.6653989,174.0066454,0,-13.19115785,,,,,
953,1206,-21,128.3,1.93E-05,1000,35,1.78,21.54919182,789.9016661,80.51561223,0,-8.973049216,,,,,
954,1206,-18,127.7,1.93E-05,1000,35,1.75,21.54405978,726.360368,42.45401641,0,-6.515674671,,,,,
955,1206,-15,127.05,1.95E-05,1000,35,1.59,23.88968666,659.1503604,16.98024414,0,-4.12070918,,,,,
956,1206,-12,126.4,1.97E-05,1000,35,1.73,23.87315078,593.203959,1.503583999,0,-1.22620716,,,,,
957,1206,-9,125.75,2.00E-05,1000,35,2.25,24.96659184,531.7216428,5.936759603,0,2.436546655,,,,,
958,1206,-6,125.1,2.03E-05,1000,35,2.76,24.93955336,474.4786684,33.79823241,0,5.813624722,,,,,
959,1206,-3,124.5,2.07E-05,1000,35,3.02,24.96183136,433.0550851,62.10693033,0,7.880795031,,,,,
960,1206,0,123.9,2.11E-05,1000,35,2.17,24.92845377,401.8693758,46.66525271,0,6.831197019,,,,,
961,1206,3,123.65,2.18E-05,999,35,2.31,22.18759922,424.2775639,29.63774087,0,5.444055553,,,,,
962,1206,6,123.4,2.25E-05,998,35,2.76,22.17714978,455.583349,21.34198448,0,4.619738573,,,,,
963,1206,9,123.25,2.34E-05,996,37.5,2.87,28.2423752,518.514877,4.11906116,0,2.029547033,,,,,
964,1206,12,123.1,2.43E-05,994,40,3.64,28.2386742,587.0622689,0.125709623,0,0.354555528,,,,,
965,1206,15,122.1,2.45E-05,994,40,4.9,35.38346263,572.1552756,18.23105209,0,4.269783612,,,,,
966,1206,18,121.1,2.46E-05,994,40,5.65,35.35108677,576.8093612,31.82473854,0,5.641341909,,,,,
967,1206,21,120.3,2.48E-05,994,40,5.3,28.1567546,592.1001657,11.31138685,0,3.363240528,,,,,
968,1206,24,119.5,2.49E-05,994,40,3.4,28.13923207,618.6247202,6.652223221,0,-2.57919042,,,,,
