rf,fitted_lin,resid ^2,,,,,,fitted_step,resid^2,,,,
0.57,5.82337151,27.59791222,,Rsquared new,,p val,,2.977117353,5.79421395,,Rsquared new,,p val
0.6,8.080497647,55.95784504,,5.82E-03,,1.00E+00,,3.312837062,7.359484927,,1.42E-02,,1.00E+00
1.23,10.72619706,90.17775864,,n,,,,3.838993233,6.80684569,,n,,
7.05,8.773802557,2.971495254,,9.69E+02,,,,4.888533684,4.671936636,,9.69E+02,,
11.16,7.869656772,10.82635856,,,,,,5.503475207,31.99627273,,,,
7.62,11.4077832,14.34730161,,,,,,7.700853223,0.006537244,,,,
2.46,13.82301526,129.1181157,,,,,,10.36859508,62.54587614,,,,
2.1,17.08358673,224.5078712,,,,,,14.06187163,143.0863729,,,,
4.08,18.24303112,200.5914506,,,,,,15.93369741,140.5101423,,,,
10.53,21.963959,130.7354185,,,,,,19.76879953,85.35541673,,,,
9.57,26.3333499,281.0098999,,,,,,23.51561189,194.4800909,,,,
12.3,26.20558487,193.3652907,,,,,,23.57098474,127.0350971,,,,
11.22,23.95881147,162.2773176,,,,,,20.54319753,86.92201224,,,,
9.36,21.29457274,142.4340265,,,,,,14.00324782,21.55975035,,,,
10.65,20.01041351,87.61734102,,,,,,12.76154955,4.458641507,,,,
17.91,19.78293604,3.507889399,,,,,,13.13453963,22.80502177,,,,
17.73,16.09294448,2.679950791,,,,,,11.24407579,42.06721282,,,,
0.12,1.098801998,0.958053351,,,,,,2.162561851,4.172058915,,,,
0,2.580541511,6.659194491,,,,,,1.38126239,1.90788579,,,,
0,3.364267364,11.3182949,,,,,,1.717355013,2.949308242,,,,
0.3,6.790375746,42.12497733,,,,,,3.724194908,11.72511077,,,,
0.03,8.219821744,67.07318019,,,,,,4.607589666,20.95432715,,,,
0.03,8.223592638,67.13496032,,,,,,4.436065687,19.41341484,,,,
0.06,12.07326594,144.3185585,,,,,,8.763952527,75.75878959,,,,
1.62,14.66500373,170.1721224,,,,,,13.25320872,135.3315452,,,,
0.63,17.49629983,284.47207,,,,,,18.3890851,315.3851037,,,,
0.3,20.25087616,398.0374594,,,,,,23.99257922,561.3383099,,,,
9.51,22.96457686,181.0256384,,,,,,25.80053407,265.3815001,,,,
18.42,22.67742185,18.12564078,,,,,,23.98713622,30.99300567,,,,
17.85,17.59945734,0.062771624,,,,,,16.6018326,1.557921849,,,,
12.42,13.49212018,1.149441688,,,,,,13.80956547,1.930892202,,,,
10.17,10.23218721,0.00386725,,,,,,11.53652997,1.867404156,,,,
10.23,7.839928317,5.712442652,,,,,,9.932167278,0.088704331,,,,
9.33,7.014933244,5.359534086,,,,,,9.445318564,0.013298371,,,,
9.84,-5.720510466,242.129486,,,,,,5.88837767,15.61531904,,,,
8.7,-0.476672525,84.21131863,,,,,,10.08556552,1.919791821,,,,
6.81,-1.269950561,65.28560106,,,,,,11.24999289,19.71353689,,,,
9.72,1.817760115,62.4453952,,,,,,7.870958777,3.418953446,,,,
9,6.574737506,5.881898164,,,,,,6.399150757,6.764416784,,,,
8.4,13.61570366,27.20356463,,,,,,8.891547066,0.241618518,,,,
10.47,17.91689679,55.45627179,,,,,,12.90761579,5.941970729,,,,
31.74,23.44457645,68.81405179,,,,,,20.99751236,115.4010407,,,,
27.36,27.88074227,0.271172509,,,,,,28.79511837,2.059564733,,,,
19.11,30.28811617,124.9502812,,,,,,35.9276652,282.8338628,,,,
42.15,31.02368444,123.7948979,,,,,,36.28542637,34.39322389,,,,
30.21,27.3398507,8.237756995,,,,,,19.36506666,117.6125791,,,,
19.2,24.54131486,28.5296444,,,,,,15.1647811,16.28299158,,,,
24.63,22.68836756,3.769936535,,,,,,21.00545213,13.13734725,,,,
28.77,19.10977199,93.32000518,,,,,,17.33809636,130.6884209,,,,
9.75,13.17137752,11.70582414,,,,,,10.93455674,1.403174659,,,,
3.87,8.500114805,21.43796311,,,,,,8.819447818,24.4970337,,,,
10.26,10.62552867,0.13361121,,,,,,8.483164772,3.157143429,,,,
4.02,10.17943202,37.93860276,,,,,,8.308896886,18.3946365,,,,
7.62,10.46076456,8.069943271,,,,,,8.910475108,1.665326005,,,,
13.98,10.76391543,10.34319994,,,,,,9.14886428,23.33987235,,,,
11.79,11.68675432,0.01065967,,,,,,8.854208419,8.618872208,,,,
5.64,12.82244559,51.58752469,,,,,,8.956205821,10.99722105,,,,
2.16,16.31120281,200.2565411,,,,,,12.88278897,114.9782033,,,,
0.39,16.61018914,263.0945356,,,,,,12.49543813,146.5416323,,,,
2.55,17.15406316,213.2786609,,,,,,12.36106722,96.25703993,,,,
9.33,11.71383343,5.682661813,,,,,,4.381004097,24.49256045,,,,
16.08,11.23659302,23.45859121,,,,,,7.146220451,79.81241703,,,,
23.19,15.39928515,60.6952378,,,,,,14.65783365,72.79786257,,,,
38.7,16.54679943,490.7642956,,,,,,16.27305032,502.9680718,,,,
32.58,19.09881732,181.7422866,,,,,,18.31581942,203.4668477,,,,
18.27,15.67148856,6.75226168,,,,,,14.9675897,10.90591378,,,,
3.87,12.77230061,79.25095618,,,,,,13.75213933,97.65667777,,,,
4.14,7.454573048,10.98639449,,,,,,11.38898536,52.54778868,,,,
2.1,-4.348143308,41.57855212,,,,,,3.214580771,1.242290294,,,,
2.64,3.591762382,0.905851631,,,,,,-1.124818389,14.1738575,,,,
3.87,3.802958102,0.004494616,,,,,,0.208173725,13.40897167,,,,
4.95,5.239292267,0.083690016,,,,,,0.892433651,16.46384467,,,,
14.16,9.500406242,21.71181399,,,,,,2.508087773,135.7670585,,,,
32.28,12.27973565,400.0105742,,,,,,4.915153686,748.8348138,,,,
36.24,15.29250834,438.7974067,,,,,,7.211739817,842.6398893,,,,
28.68,16.90674882,138.6094434,,,,,,7.897218248,431.9240174,,,,
21.93,25.28589812,11.26205216,,,,,,23.61255022,2.830975256,,,,
26.82,25.60426086,1.478021652,,,,,,25.38804393,2.050498194,,,,
42.66,25.64397039,289.5452637,,,,,,27.34457291,234.5623069,,,,
43.68,26.51167443,294.7514029,,,,,,29.44554129,202.6198149,,,,
21.57,31.51307132,98.86466734,,,,,,32.88805122,128.0982834,,,,
19.38,25.42851058,36.58448026,,,,,,23.44239177,16.5030269,,,,
11.52,16.44361094,24.2419447,,,,,,11.89746282,0.142478182,,,,
5.73,9.047060491,11.0028903,,,,,,7.338361755,2.586827535,,,,
2.1,5.930889587,14.67571503,,,,,,6.918177912,23.2148384,,,,
10.14,2.03218703,65.73663116,,,,,,4.308386319,34.00771813,,,,
4.74,2.876924156,3.4710516,,,,,,2.964019126,3.154108064,,,,
3,4.332088085,1.774458667,,,,,,3.045816007,0.002099106,,,,
2.7,5.60300156,8.427418055,,,,,,3.768246631,1.141150865,,,,
2.85,7.990023215,26.41983865,,,,,,4.471213507,2.628333236,,,,
3.45,9.538098957,37.06494891,,,,,,5.583466567,4.551679593,,,,
6.66,12.66112607,36.01351412,,,,,,10.15687145,12.22810994,,,,
21.42,16.62322014,23.00909702,,,,,,15.43508338,35.819227,,,,
40.71,21.69967587,361.3924236,,,,,,22.95238493,315.3328931,,,,
35.52,23.65713565,140.7275506,,,,,,27.95330849,57.25482046,,,,
27.33,25.65451579,2.807247353,,,,,,31.73437104,19.39848425,,,,
22.95,22.48178634,0.219224035,,,,,,26.0951454,9.891939585,,,,
23.97,16.79289898,51.51077905,,,,,,16.31888279,58.53959463,,,,
26.7,16.99565622,94.17428815,,,,,,15.87203457,117.2448354,,,,
15.99,19.86301226,15.000224,,,,,,19.18715035,10.22177037,,,,
10.17,17.01215732,46.81511682,,,,,,15.30194468,26.33685617,,,,
7.89,12.75024076,23.62194022,,,,,,11.68117333,14.37299525,,,,
7.35,-2.556581863,98.14036421,,,,,,5.98494875,1.863364916,,,,
5.73,-2.137029722,61.89015664,,,,,,5.555861119,0.03032435,,,,
4.2,-1.516843308,32.68229741,,,,,,5.422943077,1.49558977,,,,
2.91,4.357690282,2.095807154,,,,,,4.721733119,3.282376894,,,,
1.2,7.152684944,35.43445805,,,,,,5.915797265,22.23874385,,,,
0.96,6.88865493,35.14894928,,,,,,7.409544731,41.59662724,,,,
1.14,4.612315451,12.05697459,,,,,,7.281502216,37.71804946,,,,
1.08,4.905494613,14.63440903,,,,,,7.935863503,47.00286438,,,,
1.41,4.892969471,12.13107634,,,,,,8.263670865,46.97280432,,,,
0.57,4.294584766,13.87253168,,,,,,7.742378504,51.4430134,,,,
0.18,2.112554907,3.734768468,,,,,,6.971682887,46.12695644,,,,
1.23,4.389498191,9.982428816,,,,,,8.469230263,52.40645481,,,,
3.81,8.199462199,19.2673784,,,,,,11.12402571,53.49497209,,,,
8.37,9.794436469,2.029019253,,,,,,13.23330183,23.65170469,,,,
16.62,4.34577281,150.6566531,,,,,,10.53360706,37.04417902,,,,
14.13,1.966586602,147.9486255,,,,,,9.002407514,26.2922047,,,,
19.71,0.181765385,381.3519472,,,,,,9.187015905,110.7331943,,,,
0.06,6.869863903,46.37424638,,,,,,1.568613875,2.275915823,,,,
0.42,7.884652289,55.72103379,,,,,,3.692612473,10.7099924,,,,
0.69,9.411609077,76.06646489,,,,,,6.230062539,30.69229294,,,,
1.74,11.16169024,88.76824692,,,,,,8.342187647,43.58888172,,,,
3.6,14.25654979,113.5620535,,,,,,10.57916774,48.7087824,,,,
6.57,16.37525921,96.14310827,,,,,,12.22311726,31.9577347,,,,
12.87,23.19325604,106.5696153,,,,,,22.94220976,101.4494094,,,,
21.06,26.02491364,24.65036742,,,,,,28.12193542,49.87093181,,,,
44.79,25.2386091,382.256886,,,,,,26.70980192,326.8935627,,,,
52.92,22.32878974,935.8221454,,,,,,22.04498279,953.2666876,,,,
48.84,17.77014784,965.3357132,,,,,,18.93601693,894.2482033,,,,
33.15,17.85922066,233.8079328,,,,,,23.20966254,98.81030891,,,,
50.67,20.421144,914.9932895,,,,,,26.84598894,567.5835031,,,,
65.97,15.97252935,2499.747072,,,,,,21.16185625,2007.769746,,,,
13.26,15.29123698,4.125923683,,,,,,20.26204967,49.02869955,,,,
2.76,13.12179513,107.3667982,,,,,,17.31387382,211.815243,,,,
1.44,6.453071737,25.13088824,,,,,,10.86624328,88.85406246,,,,
0.51,-2.750981169,10.63399819,,,,,,1.262659973,0.566497035,,,,
0.48,5.919561836,29.58883296,,,,,,-3.611407059,16.73961173,,,,
0.39,9.458036219,82.22928086,,,,,,-2.598962181,8.93389492,,,,
0.18,11.57852269,129.9263196,,,,,,1.907380603,2.983843747,,,,
0.39,8.504089398,65.83844676,,,,,,4.306406774,15.33824202,,,,
0.54,10.66667093,102.5494642,,,,,,6.397555778,34.31095969,,,,
0.57,11.91453166,128.6983986,,,,,,8.54029897,63.52566567,,,,
1.62,13.23183149,134.8346304,,,,,,10.08495821,71.65551745,,,,
4.38,15.34270799,120.1809665,,,,,,12.51376483,66.15813033,,,,
5.82,17.25386183,130.7331962,,,,,,14.65423302,78.04367297,,,,
5.4,21.08238023,245.9370497,,,,,,17.96617515,157.9087579,,,,
7.56,20.11290676,157.575468,,,,,,18.64906172,122.9672899,,,,
7.14,17.31812829,103.5942954,,,,,,16.80526863,93.41741778,,,,
6.78,14.16349015,54.51592678,,,,,,14.07114477,53.160792,,,,
6.18,13.13498656,48.37183809,,,,,,13.04143765,47.07932657,,,,
5.97,11.76728408,33.60850266,,,,,,11.09659248,26.28195044,,,,
6.39,9.831485256,11.84382076,,,,,,9.241235931,8.129546334,,,,
2.22,-1.851696448,16.57871197,,,,,,2.763803564,0.295722316,,,,
1.32,1.063036749,0.066030112,,,,,,0.049858246,1.613260076,,,,
1.56,1.523705341,0.001317302,,,,,,-0.635024905,4.818134335,,,,
2.46,2.991450747,0.282439896,,,,,,-0.617785178,9.472761603,,,,
6.45,5.171161063,1.635429027,,,,,,0.48385266,35.59491409,,,,
11.34,4.783260592,42.99083166,,,,,,-0.667012788,144.1683561,,,,
17.1,8.706295798,70.45427023,,,,,,1.990479947,228.2975962,,,,
16.92,11.51914864,29.16919544,,,,,,5.077795691,140.2378029,,,,
13.92,14.54694586,0.393061111,,,,,,9.382404563,20.58977235,,,,
9.15,17.49929048,69.71065147,,,,,,14.89355867,32.98846622,,,,
9.93,18.03601276,65.70744293,,,,,,17.56553516,58.30139715,,,,
11.22,16.21585453,24.95856244,,,,,,16.42217608,27.06263593,,,,
12.15,14.15729652,4.029239329,,,,,,13.22918624,1.164642931,,,,
16.08,15.74525868,0.112051751,,,,,,13.06161621,9.110640688,,,,
16.47,10.04203552,41.31872742,,,,,,9.618073721,46.94889373,,,,
11.46,8.794369396,7.105586516,,,,,,8.139773254,11.02390565,,,,
9.33,4.923190995,19.41996561,,,,,,5.344422285,15.88482972,,,,
0.84,10.3767252,90.94912747,,,,,,6.903436896,36.76526699,,,,
3.42,11.18555352,60.3038214,,,,,,7.605819923,17.52108843,,,,
3,11.99308816,80.87563474,,,,,,8.474998451,29.97560804,,,,
8.88,12.68057122,14.44434157,,,,,,9.315307194,0.189492353,,,,
10.92,12.67031103,3.06358871,,,,,,9.627622432,1.670239779,,,,
3.75,14.51100762,115.7992849,,,,,,11.73858326,63.81746247,,,,
5.7,16.98475329,127.3456569,,,,,,14.5392636,78.13258096,,,,
11.07,15.87029745,23.04285558,,,,,,13.25057722,4.754916992,,,,
4.32,12.02150684,59.31320766,,,,,,10.79359678,41.90745523,,,,
1.02,12.77603854,138.2044421,,,,,,12.22472618,125.5458888,,,,
4.14,13.62151314,89.89909137,,,,,,13.51644049,87.9176363,,,,
3.96,15.49154516,132.9765338,,,,,,17.30190641,178.0064666,,,,
1.05,11.13864083,101.7806738,,,,,,13.21147241,147.9014112,,,,
1.83,11.23886302,88.52670337,,,,,,11.67998958,97.02229479,,,,
10.05,18.50168232,71.43093409,,,,,,15.41045347,28.73446136,,,,
20.55,17.79501038,7.589967821,,,,,,13.58091043,48.5682094,,,,
10.86,11.11243516,0.06372351,,,,,,10.28207241,0.334000304,,,,
0.15,10.92014373,115.9959959,,,,,,2.347786989,4.830267649,,,,
0.24,16.47932415,263.7156487,,,,,,9.178418594,79.89532695,,,,
1.02,13.37419166,152.6260515,,,,,,8.841797549,61.18051689,,,,
2.28,12.65812759,107.7055322,,,,,,9.780606903,56.25910391,,,,
4.44,14.7377707,106.0440814,,,,,,12.37041599,62.89149776,,,,
6.06,17.64593352,134.2338556,,,,,,16.20045254,102.8287778,,,,
4.95,19.70200978,217.6217927,,,,,,19.49226388,211.4774387,,,,
16.29,23.96114022,58.8463923,,,,,,26.24508628,99.10374278,,,,
11.1,25.69673517,213.0646777,,,,,,29.46071006,337.115674,,,,
23.73,23.9968161,0.071190832,,,,,,26.37010112,6.970133921,,,,
40.17,22.7186079,304.5510863,,,,,,25.18190177,224.6430885,,,,
14.01,19.27734103,27.74488153,,,,,,20.86963777,47.05463028,,,,
13.95,17.89503769,15.56332241,,,,,,19.07586444,26.27448625,,,,
11.94,15.82940493,15.12747068,,,,,,16.22503658,18.36153847,,,,
14.19,12.54170373,2.71688061,,,,,,13.11119328,1.163823937,,,,
8.46,13.17624974,22.24301164,,,,,,13.89600172,29.5501147,,,,
3.6,13.94752685,107.0713118,,,,,,14.98855695,129.6992294,,,,
5.22,-7.827426619,170.2353414,,,,,,5.535358809,0.099451179,,,,
3.06,-6.043923218,82.88141797,,,,,,2.84417419,0.04658078,,,,
1.5,-3.1007888,21.16725758,,,,,,1.331459304,0.028405966,,,,
0.9,-2.010652064,8.47189544,,,,,,1.721217971,0.674398956,,,,
1.59,-1.787305541,11.40619271,,,,,,2.018515108,0.183625197,,,,
1.71,-1.231611179,8.653076327,,,,,,2.386699434,0.457922124,,,,
1.44,2.567312656,1.270833825,,,,,,3.810738104,5.620399159,,,,
2.73,3.623901589,0.799060051,,,,,,4.238082019,2.274311376,,,,
3.39,5.35823046,3.873931145,,,,,,5.313140484,3.698469321,,,,
2.37,5.287444906,8.511484782,,,,,,5.6924172,11.03845605,,,,
2.37,4.719179205,5.518642939,,,,,,5.744326302,11.38607799,,,,
3.03,2.456502794,0.328899045,,,,,,5.203192236,4.722764496,,,,
4.59,3.0227901,2.45614687,,,,,,5.653877381,1.131835081,,,,
5.31,3.544210954,3.118010955,,,,,,5.333882911,0.000570393,,,,
4.05,1.866461531,4.767840247,,,,,,3.54921617,0.250784444,,,,
3.42,1.503683374,3.672269413,,,,,,1.973489805,2.092391745,,,,
3.45,-3.411496126,47.08012909,,,,,,0.892950037,6.538504515,,,,
3.51,9.720928288,38.5756302,,,,,,11.12553529,57.99637768,,,,
7.2,9.081927396,3.541650726,,,,,,8.785440234,2.513620734,,,,
7.05,10.35050365,10.89332431,,,,,,9.66789283,6.853362867,,,,
4.8,12.22772865,55.17115291,,,,,,11.49616187,44.83858386,,,,
5.01,13.71692374,75.81052102,,,,,,13.39848818,70.36673398,,,,
6.81,13.03646422,38.76885668,,,,,,12.27626402,29.88004236,,,,
9.6,14.02040809,19.54000771,,,,,,10.77294834,1.375807819,,,,
9.54,13.81224867,18.25210873,,,,,,9.214917533,0.105678611,,,,
7.83,14.40523812,43.23375638,,,,,,7.131296343,0.4881868,,,,
6.09,13.01471552,47.95168508,,,,,,7.45562322,1.864926778,,,,
9.6,13.66004344,16.48395271,,,,,,11.35195124,3.069333156,,,,
11.97,11.70940097,0.067911856,,,,,,9.808680535,4.671301831,,,,
9.42,10.77137258,1.826207842,,,,,,10.34861896,0.862333173,,,,
8.97,10.97199871,4.007998825,,,,,,11.87776354,8.455088792,,,,
9.33,7.452362936,3.525520945,,,,,,9.328708038,1.66917E-06,,,,
6.96,5.752253601,1.458651365,,,,,,8.730498306,3.134664251,,,,
5.22,11.18656257,35.59986889,,,,,,12.4554256,52.35138364,,,,
12.27,9.002721701,10.67510748,,,,,,7.879774302,19.27408168,,,,
13.29,10.01906018,10.69904729,,,,,,9.561003422,13.90541548,,,,
12.39,11.04311258,1.81410571,,,,,,10.48178536,3.641283119,,,,
12.84,13.38718319,0.299409441,,,,,,11.80842168,1.064153834,,,,
16.65,14.07168618,6.64770215,,,,,,12.66769534,15.85875039,,,,
21.51,14.25034244,52.70262794,,,,,,12.89854689,74.15712462,,,,
13.86,11.69974767,4.666690124,,,,,,11.5814362,5.191852988,,,,
7.83,11.61673525,14.33936386,,,,,,11.71907714,15.12492103,,,,
9.96,15.90158585,35.30244241,,,,,,14.95398204,24.93985666,,,,
9.6,16.55957773,48.43572218,,,,,,15.1493345,30.7951134,,,,
3.63,15.41204501,138.8165846,,,,,,14.40530362,116.1071682,,,,
1.38,15.43241173,197.4702755,,,,,,14.99090158,185.2566417,,,,
1.32,14.09412284,163.1782144,,,,,,13.92782351,158.9572136,,,,
1.86,13.26724822,130.125312,,,,,,13.65562331,139.1367293,,,,
1.38,9.681418022,68.91354117,,,,,,11.08567421,94.20011188,,,,
1.56,10.91736875,87.5603499,,,,,,11.73061724,103.4414551,,,,
2.04,9.307552809,52.81732383,,,,,,10.37064849,69.39970428,,,,
5.73,2.971888082,7.607181351,,,,,,3.352945547,5.650387871,,,,
3.66,6.020301532,5.571023322,,,,,,3.562057201,0.009592792,,,,
4.29,7.306770627,9.100905014,,,,,,4.696114631,0.164929093,,,,
4.71,6.929637102,4.926788867,,,,,,5.728360006,1.037057101,,,,
3.57,9.05415394,30.07594444,,,,,,7.504875207,15.4832429,,,,
3.66,12.9965403,87.17098469,,,,,,9.781460031,37.47227291,,,,
6.27,16.00277718,94.72695172,,,,,,11.94401587,32.19445613,,,,
10.44,17.03831726,43.53779067,,,,,,12.29075161,3.425281516,,,,
10.86,14.55126965,13.62547165,,,,,,11.46397635,0.364787435,,,,
8.07,16.51972447,71.39784368,,,,,,13.76469559,32.42955781,,,,
9.33,15.14771007,33.84575049,,,,,,12.99532867,13.43463423,,,,
8.67,14.85856426,38.29832756,,,,,,15.78071241,50.56223096,,,,
7.56,13.97061616,41.09599958,,,,,,15.16392142,57.81962101,,,,
7.44,15.65935266,67.55775814,,,,,,14.37836872,48.14096054,,,,
8.58,20.18805818,134.7470146,,,,,,15.95833691,54.43985562,,,,
8.16,16.51549242,69.81425363,,,,,,11.87742315,13.8192349,,,,
6.33,11.21650013,23.87788351,,,,,,8.54866514,4.922475005,,,,
2.4,-8.160968323,111.5340519,,,,,,9.191483211,46.12424421,,,,
4.44,-4.282458185,76.08127679,,,,,,5.144949441,0.496953715,,,,
6.9,-1.801268884,75.7120802,,,,,,4.388022551,6.310030702,,,,
8.4,-0.180852804,73.63103484,,,,,,4.167657648,17.91272179,,,,
7.14,4.76967289,5.61845061,,,,,,5.658041739,2.196200287,,,,
10.62,8.266651551,5.53824892,,,,,,8.143771569,6.131707241,,,,
19.47,11.32508264,66.33967882,,,,,,11.35402242,65.86909213,,,,
24.48,14.25685101,104.5127753,,,,,,15.16640096,86.74312716,,,,
18,18.02589942,0.00067078,,,,,,17.75826794,0.058434391,,,,
25.11,20.70924729,19.3666244,,,,,,20.82103142,18.39525146,,,,
21.66,19.12646429,6.418803209,,,,,,13.44794486,67.43784957,,,,
13.38,18.56975104,26.93351588,,,,,,11.91720005,2.139783691,,,,
8.22,20.91124272,161.0676418,,,,,,16.10984559,62.2496634,,,,
6.75,19.17226991,154.3127898,,,,,,12.05227494,28.11411958,,,,
4.68,12.50084506,61.16561744,,,,,,6.341119859,2.759319187,,,,
2.67,4.443432646,3.145063349,,,,,,4.358432457,2.850804162,,,,
2.1,1.066523765,1.068073128,,,,,,5.672503794,12.76278336,,,,
1.41,9.989852822,73.61387445,,,,,,5.553807716,17.17114238,,,,
2.7,10.37467477,58.9006329,,,,,,5.946237182,10.53805584,,,,
6.48,11.86006642,28.94511464,,,,,,6.884077157,0.163278349,,,,
8.28,16.30825531,64.45288334,,,,,,10.44387593,4.682359025,,,,
8.52,17.66806862,83.68715953,,,,,,12.10550868,12.85587252,,,,
5.25,20.87479433,244.1341979,,,,,,15.90783457,113.5894378,,,,
13.47,24.58246427,123.4868622,,,,,,21.44009666,63.52244074,,,,
23.28,26.79527479,12.35715688,,,,,,28.45556909,26.78651538,,,,
23.49,28.83878875,28.60954106,,,,,,32.92770467,89.07026937,,,,
11.19,28.51159531,300.0376642,,,,,,33.29776106,488.7530992,,,,
12.93,24.30192919,129.3207735,,,,,,27.58977511,214.9090062,,,,
10.47,21.40924289,119.667035,,,,,,23.08732661,159.1969308,,,,
11.46,19.87064975,70.73902917,,,,,,20.76842148,86.64671037,,,,
11.19,18.6347351,55.42408066,,,,,,16.81060433,31.59119299,,,,
8.46,16.08255601,58.10336008,,,,,,15.11106192,44.23662468,,,,
10.56,12.04508308,2.205471752,,,,,,12.7913918,4.97910936,,,,
9.54,11.13236172,2.535615835,,,,,,12.39254922,8.137037046,,,,
15.15,6.69474811,71.49128452,,,,,,8.203864429,48.24879938,,,,
29.4,11.9662611,303.9352521,,,,,,9.985554515,376.9206935,,,,
48.42,13.95962706,1187.517303,,,,,,12.24440863,1308.673411,,,,
59.01,14.0582242,2020.662147,,,,,,12.41684494,2170.922099,,,,
47.22,16.29269661,956.4980947,,,,,,14.38764668,1077.963424,,,,
40.65,19.26508851,457.3144394,,,,,,15.74554857,620.231701,,,,
39.51,22.43047664,291.7101182,,,,,,18.93553526,423.3085994,,,,
35.43,23.20143875,149.5377103,,,,,,15.73916998,387.728787,,,,
24.9,25.65073815,0.563607772,,,,,,18.67387513,38.76463095,,,,
10.02,19.89338802,97.48379096,,,,,,18.09558177,65.215021,,,,
4.26,14.33679729,101.5418437,,,,,,11.25967848,48.99549886,,,,
6.78,8.315631766,2.358164921,,,,,,3.442063431,11.14182054,,,,
6.6,6.457638727,0.020266732,,,,,,1.779183543,23.24027132,,,,
1.92,7.291577906,28.8538492,,,,,,-1.373246614,10.84547326,,,,
0.42,8.355527401,62.97259513,,,,,,-3.65977039,16.64452643,,,,
0.36,5.865009049,30.30512463,,,,,,-4.519081137,23.80543274,,,,
0.27,-0.9177275,1.410696614,,,,,,-1.50986864,3.167932377,,,,
0.6,-3.577932158,17.45511712,,,,,,0.825829733,0.050999068,,,,
0.99,2.011093964,1.042632883,,,,,,0.373609707,0.379936993,,,,
0.81,4.790887404,15.84746452,,,,,,1.498939575,0.474637738,,,,
0.45,5.569906207,26.21343957,,,,,,0.964786302,0.265004936,,,,
0.36,8.243929093,62.15633795,,,,,,4.147756425,14.34709873,,,,
0.45,9.670828191,85.02367253,,,,,,5.220800731,22.76053961,,,,
0.54,11.54334934,121.0736967,,,,,,6.84127034,39.7060079,,,,
0.54,16.33133193,249.3661641,,,,,,13.78337352,175.3869421,,,,
4.89,24.29852776,376.6909497,,,,,,27.35592479,504.7177765,,,,
11.91,29.51450715,309.9186721,,,,,,36.00199117,580.4240386,,,,
10.17,25.16739856,224.9219635,,,,,,24.40374203,202.5994121,,,,
6.36,18.80325919,154.8346992,,,,,,16.48954591,102.6077003,,,,
3.21,16.82625361,185.4023625,,,,,,15.40729204,148.7739332,,,,
2.07,15.56023915,181.9865523,,,,,,13.65314028,134.1691387,,,,
2.82,12.99050769,103.4392267,,,,,,10.23434305,54.9724829,,,,
3.63,8.378678801,22.54995035,,,,,,7.660051006,16.24131111,,,,
4.77,9.432348793,21.73749627,,,,,,6.999969751,4.972765089,,,,
11.28,5.781136171,30.23750341,,,,,,3.444762443,61.39094758,,,,
18.87,15.12465767,14.02758917,,,,,,6.121601469,162.5216651,,,,
29.13,18.90619331,104.5262232,,,,,,10.21600531,357.739195,,,,
24.45,18.86718427,31.16783151,,,,,,13.75630505,114.3551117,,,,
20.4,18.22328718,4.73807868,,,,,,14.72254632,32.23348027,,,,
18.27,15.21959753,9.30495521,,,,,,13.18197727,25.88797528,,,,
21.42,17.06178941,18.99399958,,,,,,15.78800833,31.71933015,,,,
30.54,19.57967909,120.1286344,,,,,,18.65476638,141.2587782,,,,
42.12,20.71925189,457.9920198,,,,,,19.93991889,491.9559979,,,,
36.99,23.09968773,192.9407749,,,,,,23.26577519,188.3543466,,,,
28.26,22.27096094,35.86858885,,,,,,21.99584946,39.23958204,,,,
30.39,19.9527599,108.9359808,,,,,,17.04238304,178.1588786,,,,
20.13,16.68967055,11.83586672,,,,,,13.97411044,37.89497626,,,,
13.08,14.92202082,3.393040699,,,,,,14.19776964,1.249408967,,,,
9.06,14.00396116,24.44275193,,,,,,14.58616004,30.53844476,,,,
10.86,12.34833348,2.215136559,,,,,,12.97247136,4.462535252,,,,
13.53,10.41612961,9.696188818,,,,,,11.21388956,5.364367556,,,,
0.42,-0.087443322,0.257498725,,,,,,5.356226647,24.36633351,,,,
0.3,7.272243926,48.61218537,,,,,,2.602280593,5.300495927,,,,
1.5,12.85996661,129.0488413,,,,,,6.990140975,30.14164793,,,,
2.61,18.46665207,251.433415,,,,,,14.03853513,130.6114152,,,,
8.82,16.85641909,64.5840318,,,,,,13.71826031,23.9929541,,,,
20.25,15.61031408,21.52668547,,,,,,12.23615469,64.2217166,,,,
10.08,16.27605145,38.39105357,,,,,,13.40937281,11.08472332,,,,
24.93,18.69994175,38.81362586,,,,,,17.39310287,56.80481835,,,,
28.56,20.20981849,69.72553128,,,,,,19.19543767,87.69502755,,,,
13.29,21.12722255,61.42205738,,,,,,20.81493689,56.62467525,,,,
7.44,20.89026642,180.9096667,,,,,,21.32163548,192.6998036,,,,
11.22,21.6834708,109.4842211,,,,,,22.39924633,124.9755485,,,,
15.93,20.84132978,24.12116021,,,,,,26.11980679,103.8321625,,,,
24.81,18.05320873,45.65422829,,,,,,21.48713368,11.0414406,,,,
9.06,13.09245722,16.26071121,,,,,,12.98138456,15.37725686,,,,
24.66,5.509297923,366.74939,,,,,,9.871839123,218.6897021,,,,
46.53,-1.7371364,2329.716456,,,,,,2.310153579,1955.394818,,,,
19.47,5.127468981,205.708196,,,,,,4.322412986,229.4493923,,,,
35.34,8.748083607,707.1300174,,,,,,8.793429363,704.7204126,,,,
33.93,7.139580234,717.7265912,,,,,,7.886311661,678.2737023,,,,
40.74,9.536894842,973.6337715,,,,,,7.143238537,1128.742381,,,,
27.96,13.19249925,218.0790785,,,,,,10.44135103,306.9030616,,,,
31.17,18.12127693,170.2691739,,,,,,14.99652617,261.5812558,,,,
25.89,21.72644372,17.33520092,,,,,,21.75715396,17.08041636,,,,
28.53,21.75836374,45.85505761,,,,,,24.96588706,12.70290103,,,,
61.59,31.26655196,919.5115013,,,,,,45.01604113,274.6961127,,,,
30.03,34.27619483,18.03017054,,,,,,53.42330653,547.2467904,,,,
9.48,30.1319801,426.5042821,,,,,,43.38807087,1149.75727,,,,
14.97,26.67180788,136.9323078,,,,,,34.03281089,363.3907591,,,,
7.8,16.85743842,82.03719076,,,,,,20.71502732,166.7979308,,,,
2.22,19.65366601,303.9327105,,,,,,22.08704451,394.6994575,,,,
0.33,15.17765705,220.4529199,,,,,,17.4133571,291.8410898,,,,
0.57,12.56071409,143.7772244,,,,,,14.63267531,197.7588368,,,,
1.05,10.88528153,96.7327628,,,,,,12.89278635,140.2515886,,,,
3.87,-3.109276759,48.71030407,,,,,,2.998231864,0.759979683,,,,
4.98,2.707006046,5.166501514,,,,,,-0.678820944,32.02225448,,,,
3.03,1.644182695,1.920489603,,,,,,0.367833216,7.087131985,,,,
2.01,-1.208627299,10.35956169,,,,,,2.757013551,0.558029245,,,,
2.7,-0.570866878,10.69857013,,,,,,2.879102754,0.032077797,,,,
3,3.351919736,0.123847501,,,,,,4.589910448,2.527815233,,,,
2.76,7.543239052,22.87937583,,,,,,7.430002976,21.80892779,,,,
1.8,11.86939654,101.3927467,,,,,,10.51953374,76.03026856,,,,
2.91,13.04797494,102.7785358,,,,,,12.34696271,89.05626521,,,,
3.27,9.421991772,37.84700276,,,,,,10.11245058,46.81912992,,,,
2.1,8.45950369,40.44328718,,,,,,9.481393083,54.48496385,,,,
0.84,6.886012042,36.55426162,,,,,,7.821931909,48.74737318,,,,
1.38,2.302843856,0.851640782,,,,,,5.615183325,17.9367778,,,,
3.24,1.441402973,3.234951267,,,,,,4.354408034,1.241905266,,,,
2.79,0.002803704,7.76846319,,,,,,3.060934837,0.073405686,,,,
3.42,0.163976935,10.6016862,,,,,,1.954755302,2.146942026,,,,
3.09,2.505001244,0.342223544,,,,,,0.012278315,9.472370771,,,,
1.95,4.560200615,6.813147253,,,,,,0.454255792,2.237250735,,,,
1.59,11.50920476,98.39062301,,,,,,3.01306822,2.025123159,,,,
3.18,16.79211879,185.289778,,,,,,7.187136638,16.05714404,,,,
5.25,19.32585912,198.12981,,,,,,11.75894245,42.36633183,,,,
3.96,21.64257921,312.6736075,,,,,,18.11806516,200.4508092,,,,
2.37,22.52870634,406.3734413,,,,,,21.74967071,375.5716368,,,,
8.73,23.38616306,214.8031157,,,,,,25.62585077,285.4697734,,,,
19.77,25.47428237,32.53883734,,,,,,31.06210443,127.5116224,,,,
21.06,28.58186697,56.57848278,,,,,,38.54861638,305.8517028,,,,
53.46,30.12726131,544.416695,,,,,,42.37251466,122.9323312,,,,
98.07,31.1782143,4474.510994,,,,,,43.16918878,3014.099073,,,,
102.06,29.91228694,5205.292499,,,,,,37.70098957,4142.082224,,,,
47.28,24.7285941,508.5659081,,,,,,20.45633204,719.5091627,,,,
19.92,20.75444206,0.696293559,,,,,,15.79651646,17.0031165,,,,
21.18,18.18115844,8.993050684,,,,,,14.35659092,46.55891141,,,,
21.24,15.17180082,36.82304128,,,,,,10.23077911,121.2029447,,,,
28.62,10.27160335,336.6636598,,,,,,4.854212467,564.8126571,,,,
1.5,5.796451563,18.45949603,,,,,,2.701282152,1.443078809,,,,
1.29,8.621530688,53.75134222,,,,,,4.02002782,7.4530519,,,,
1.2,12.7693772,133.8504889,,,,,,6.700990346,30.26089479,,,,
1.62,16.62882321,225.2647741,,,,,,10.16714309,73.05365497,,,,
1.62,18.00469546,268.4582452,,,,,,12.14409828,110.7566446,,,,
1.95,18.55791727,275.8229161,,,,,,13.90803963,142.9947119,,,,
2.19,21.48333632,372.2328265,,,,,,18.33041742,260.5130744,,,,
3.24,22.88553685,385.9471182,,,,,,20.73106951,305.9375127,,,,
9.75,25.98777342,263.6652857,,,,,,28.43979728,349.3085225,,,,
42.27,26.41820517,251.2793995,,,,,,31.60598855,113.7211402,,,,
44.52,27.66344784,284.1433506,,,,,,31.76831396,162.6054969,,,,
17.19,31.02838243,191.5008282,,,,,,34.29356621,292.5319772,,,,
7.83,23.06385427,232.070316,,,,,,23.60882697,248.9713805,,,,
5.37,15.94013226,111.7276961,,,,,,15.66870834,106.0633934,,,,
3.24,10.27471437,49.48720625,,,,,,8.687898818,29.67960153,,,,
3.78,7.349101884,12.73848826,,,,,,7.425192364,13.28742737,,,,
3.54,5.496245977,3.826898323,,,,,,5.692545563,4.633452401,,,,
0.69,5.647996031,24.58172465,,,,,,2.772240466,4.335725357,,,,
1.35,10.54173454,84.48798377,,,,,,4.610070484,10.62805956,,,,
2.07,12.88722408,117.0123369,,,,,,6.873868145,23.07714915,,,,
3.99,12.60886375,74.28481226,,,,,,7.833582139,14.77312366,,,,
1.98,12.93826714,120.0836187,,,,,,8.443995747,41.78324102,,,,
1.2,19.47942425,334.1373511,,,,,,16.37070185,230.1501947,,,,
1.89,26.60111299,610.6391052,,,,,,27.40558322,651.0449872,,,,
2.85,30.25764831,751.1791861,,,,,,36.12462825,1107.200885,,,,
27.69,34.94037659,52.56796065,,,,,,46.4064127,350.3041045,,,,
87.99,41.70869196,2141.959474,,,,,,55.12761445,1079.936384,,,,
126.24,47.31824721,6228.643063,,,,,,61.42021714,4201.60425,,,,
127.17,38.30245054,7897.441347,,,,,,46.79300543,6460.461256,,,,
57.15,28.85928951,800.3643,,,,,,32.83736408,591.1042653,,,,
25.5,23.58511991,3.666765778,,,,,,25.06078229,0.192912193,,,,
15.81,20.28430043,20.01936435,,,,,,20.83488028,25.24942186,,,,
8.76,16.38344698,58.11694393,,,,,,15.64168868,47.35763909,,,,
8.04,12.10107013,16.49229057,,,,,,12.31604397,18.28455205,,,,
0.87,-4.459793325,28.40669689,,,,,,5.76176316,23.92934681,,,,
2.13,1.280219173,0.722127454,,,,,,2.954696332,0.68012404,,,,
3.27,5.82388609,6.522334161,,,,,,5.99199185,7.409239634,,,,
5.52,8.010404531,6.202114727,,,,,,7.709951368,4.795886996,,,,
3.9,7.67321596,14.23715868,,,,,,7.668694773,14.20306029,,,,
4.56,11.03661722,41.94657057,,,,,,10.48727109,35.13254263,,,,
4.5,12.71190244,67.43534175,,,,,,12.3681134,61.90720845,,,,
3.6,11.07802177,55.9208096,,,,,,10.36785371,45.80384388,,,,
3.45,11.98701915,72.88069604,,,,,,10.9454357,56.18155627,,,,
3.75,14.87248351,123.7096394,,,,,,13.2482957,90.21762129,,,,
3.99,19.00148566,225.3447018,,,,,,16.32729839,152.2089317,,,,
10.38,16.19306553,33.79173083,,,,,,11.94382322,2.445543054,,,,
14.97,12.3332701,6.952344576,,,,,,9.097086357,34.49111466,,,,
21.18,11.75240343,88.87957705,,,,,,9.399678927,138.7759646,,,,
27.72,11.1230766,275.4578662,,,,,,8.60630687,365.333265,,,,
26.67,10.70969542,254.7313223,,,,,,7.839104894,354.6026105,,,,
32.43,9.489925169,526.2470332,,,,,,6.40870077,677.1080136,,,,
6.18,0.008921983,38.08220389,,,,,,7.884196021,2.904284077,,,,
7.14,5.876728455,1.595854996,,,,,,3.819561129,11.02531429,,,,
10.14,7.998797396,4.58474859,,,,,,5.552564804,21.04456168,,,,
6.51,9.955013344,11.86811694,,,,,,7.728074379,1.483705193,,,,
4.05,10.62683939,43.25481642,,,,,,7.284393549,10.46130163,,,,
3.69,13.52493314,96.72590991,,,,,,12.85006071,83.90671225,,,,
4.38,14.73829825,107.2943427,,,,,,16.74576849,152.9122303,,,,
4.38,15.31105769,119.4880222,,,,,,16.31507016,142.4458998,,,,
7.47,15.11129533,58.38939433,,,,,,16.05482911,73.69929089,,,,
19.86,13.1622141,44.86033603,,,,,,14.73538434,26.26168567,,,,
50.7,9.820961634,1671.095778,,,,,,11.26031369,1555.488856,,,,
50.94,10.84040169,1607.977784,,,,,,14.08598398,1358.218496,,,,
19.23,19.26441744,0.00118456,,,,,,23.94859983,22.26518436,,,,
10.32,16.86159253,42.79243279,,,,,,19.52091125,84.65676776,,,,
4.62,17.08885463,155.4723358,,,,,,17.43562413,164.2402218,,,,
2.19,15.24476554,170.4269034,,,,,,14.98476467,163.7060029,,,,
1.2,9.127100971,62.83892981,,,,,,9.864049124,75.06574723,,,,
0.12,-3.073416469,10.19790874,,,,,,3.216073419,9.585670616,,,,
0.36,1.086073234,0.527182341,,,,,,0.370778468,0.000116175,,,,
0.48,3.075757578,6.737957405,,,,,,0.676974702,0.038799033,,,,
0.6,3.810318805,10.30614683,,,,,,0.981001049,0.1451618,,,,
0.09,5.844079303,33.10942863,,,,,,3.587827415,12.23479662,,,,
0.06,5.419910978,28.7286457,,,,,,3.490317221,11.76707623,,,,
0.09,4.553780828,19.92533928,,,,,,2.877728286,7.771428997,,,,
0.42,1.940703815,2.312540093,,,,,,1.339779796,0.845994873,,,,
1.05,9.229509128,66.90436957,,,,,,8.278733597,52.25458942,,,,
1.59,5.880778993,18.41078437,,,,,,6.611671938,25.21718906,,,,
3.51,3.888414357,0.143197426,,,,,,5.657945316,4.613669082,,,,
1.98,3.021908469,1.085573257,,,,,,5.898911481,15.3578672,,,,
0.33,3.924902332,12.92332278,,,,,,6.781011984,41.61555562,,,,
0.09,6.914933254,46.57971392,,,,,,7.778808472,59.11777572,,,,
0.15,6.416475167,39.26871102,,,,,,7.452032821,53.31968332,,,,
0.03,-0.198529458,0.052225713,,,,,,5.131303435,26.02329673,,,,
0,-4.553796747,20.73706481,,,,,,3.907583356,15.26920768,,,,
5.88,2.264450338,13.07219936,,,,,,2.26486773,13.06918133,,,,
4.5,6.121699883,2.629910509,,,,,,1.94719376,6.516819697,,,,
3.66,8.113152755,19.83056946,,,,,,2.685412779,0.949820251,,,,
4.74,10.74548406,36.06583878,,,,,,4.597105224,0.020418917,,,,
7.05,14.4330384,54.50925604,,,,,,7.970202097,0.8467719,,,,
7.83,18.53691434,114.6380147,,,,,,13.47049486,31.81518227,,,,
19.59,18.5219646,1.140699617,,,,,,13.95256434,31.78068084,,,,
40.77,20.82411503,397.8383273,,,,,,15.87698606,619.662143,,,,
12.84,25.95031676,171.8804055,,,,,,23.15545422,106.4085958,,,,
4.29,31.6947356,751.0195334,,,,,,28.11710323,567.7308482,,,,
5.55,34.93248915,863.3306688,,,,,,31.9608176,697.5312865,,,,
17.13,40.20075868,532.2599058,,,,,,37.60270765,419.1317584,,,,
27.21,39.07592566,140.8001918,,,,,,36.2119132,81.03444123,,,,
27.81,38.24466583,108.882251,,,,,,42.37256646,212.0683419,,,,
4.68,32.54892821,776.6771598,,,,,,33.53822276,832.7970206,,,,
4.41,27.744877,544.5164846,,,,,,23.55455236,366.5138849,,,,
5.79,26.85157766,443.5900535,,,,,,22.81365132,289.8047042,,,,
2.55,0.924122622,2.643477248,,,,,,7.827388395,27.85082827,,,,
2.31,5.07716191,7.657185035,,,,,,5.387524964,9.471159906,,,,
1.65,7.889746677,38.93443859,,,,,,7.787611599,37.67027615,,,,
1.38,9.525590811,66.35064966,,,,,,9.610957732,67.74866519,,,,
0.96,10.49264114,90.87124712,,,,,,10.50094357,91.02960413,,,,
0.96,12.18629078,126.0296046,,,,,,12.73040177,138.5423578,,,,
1.14,14.75243509,185.2983892,,,,,,16.17616692,226.0863156,,,,
5.16,17.89731419,162.2391728,,,,,,20.89182306,247.4902567,,,,
9.57,19.90090589,106.7276165,,,,,,24.25337254,215.6014291,,,,
14.01,19.9676602,35.49371502,,,,,,25.31556063,127.8157011,,,,
18.75,18.15234607,0.357190225,,,,,,23.41360063,21.74917085,,,,
20.1,17.32948816,7.675735859,,,,,,22.29722601,4.827802145,,,,
10.95,14.34017482,11.4932853,,,,,,18.33622847,54.55637102,,,,
11.22,10.23076688,0.978582174,,,,,,13.72141577,6.257080839,,,,
4.56,7.236644377,7.164425119,,,,,,11.19987226,44.08790369,,,,
11.97,6.800236313,26.72645658,,,,,,10.60837952,1.854010344,,,,
6.57,4.83191212,3.020949479,,,,,,8.319089069,3.059312571,,,,
1.8,-14.101885,252.8699465,,,,,,15.6562733,191.9963097,,,,
2.16,-8.760772861,119.2632799,,,,,,5.706024914,12.57429269,,,,
2.01,-7.655370858,93.41939382,,,,,,2.806595018,0.634563623,,,,
0.93,-4.674853432,31.414382,,,,,,2.054737787,1.26503509,,,,
0.72,1.045702334,0.106082011,,,,,,3.841842317,9.745899453,,,,
0.51,6.73546753,38.75644596,,,,,,4.774371835,18.18486715,,,,
0.39,12.6252214,149.7006427,,,,,,8.860071176,71.74210573,,,,
1.38,13.90429849,156.8580527,,,,,,10.73482096,87.51267518,,,,
2.7,15.98907557,176.5995296,,,,,,14.40740393,137.0633068,,,,
2.94,16.01708128,171.0100548,,,,,,13.7566758,117.0004753,,,,
4.05,14.91929391,118.1415501,,,,,,12.0642046,64.22747536,,,,
5.73,13.42120497,59.15463391,,,,,,9.835787552,16.85749143,,,,
3.72,10.64451336,47.94888529,,,,,,7.660121227,15.52455528,,,,
1.47,8.361137107,47.48777062,,,,,,6.981903593,30.38108122,,,,
2.13,6.583645792,19.83496084,,,,,,5.09865455,8.812909835,,,,
3.3,1.158948956,4.584099571,,,,,,1.392288848,3.639361841,,,,
2.52,-5.2713414,60.70500081,,,,,,3.192837949,0.452710905,,,,
1.56,5.21757593,13.37786169,,,,,,4.648140026,9.536608822,,,,
2.31,11.22438063,79.46618193,,,,,,5.911538477,12.9710794,,,,
4.29,13.1479876,78.46394435,,,,,,7.582490742,10.84049528,,,,
3.39,12.69789073,86.63682986,,,,,,7.624425507,17.93035937,,,,
9.12,14.84597575,32.78679827,,,,,,9.995599617,0.76667469,,,,
8.22,18.42034483,104.0470347,,,,,,14.70050017,41.99688246,,,,
24.75,20.5095921,17.98105918,,,,,,17.90386962,46.86950122,,,,
43.26,22.67110234,423.9027067,,,,,,21.62006537,468.2867707,,,,
46.89,29.71967433,294.8200836,,,,,,37.99608622,79.10170233,,,,
57.33,35.37063703,482.213622,,,,,,49.36018608,63.5179339,,,,
28.95,29.78464157,0.696626548,,,,,,33.42134425,19.99291941,,,,
6.39,21.82151385,238.1316196,,,,,,21.48986334,228.005873,,,,
5.28,15.44099679,103.2458558,,,,,,13.48027573,67.24452204,,,,
8.82,13.06534728,18.02297354,,,,,,11.05131023,4.978745335,,,,
10.44,7.787777171,7.034285937,,,,,,9.773167784,0.444665205,,,,
8.01,3.880130649,17.05582085,,,,,,8.307841729,0.088709695,,,,
6.48,1.217497426,27.69393335,,,,,,5.405795191,1.153915971,,,,
7.74,11.84286589,16.8335085,,,,,,5.847141378,3.582913762,,,,
8.58,10.31922344,3.024898169,,,,,,7.137750936,2.080082363,,,,
8.88,8.402304507,0.228192984,,,,,,7.24511544,2.672847523,,,,
7.77,7.608455952,0.026096479,,,,,,7.030042428,0.547537208,,,,
8.91,9.458564241,0.300922726,,,,,,7.194296028,2.943640119,,,,
8.79,10.33580054,2.38949931,,,,,,7.172268095,2.617056516,,,,
8.52,9.553012233,1.067114274,,,,,,6.737956962,3.17567739,,,,
5.31,10.24374292,24.34181924,,,,,,6.825129809,2.295618339,,,,
3.12,10.41453783,53.21028211,,,,,,6.683256094,12.69679399,,,,
3.03,8.872471844,34.13447724,,,,,,6.161669259,9.807352348,,,,
1.5,6.736644537,27.42244601,,,,,,5.702132877,17.65792072,,,,
1.56,7.709738655,37.81928552,,,,,,5.312926138,14.08445459,,,,
1.26,9.162941158,62.45647894,,,,,,5.385444155,17.01928947,,,,
0.6,9.028072534,71.03240665,,,,,,6.810478703,38.57004572,,,,
0.81,8.27984615,55.7986015,,,,,,5.914217416,26.05303543,,,,
0.42,9.24015847,77.79519544,,,,,,4.895708066,20.03196269,,,,
0.12,7.093543079,48.63030308,,,,,,3.990613803,14.98165121,,,,
1.14,5.083697507,15.55275002,,,,,,7.069583096,35.15995569,,,,
1.38,5.712314823,18.76895172,,,,,,6.666240023,27.94433359,,,,
0.99,3.84532786,8.152897189,,,,,,6.389694536,29.15670108,,,,
1.11,3.590325772,6.152015936,,,,,,6.780071351,32.14970913,,,,
1.38,5.265146975,15.09436701,,,,,,7.479351109,37.20208395,,,,
1.74,6.518727148,22.83623316,,,,,,6.74851291,25.08520157,,,,
1.71,6.66966439,24.59827086,,,,,,6.586556739,23.78080563,,,,
9.78,7.900819557,3.531319136,,,,,,7.781956526,3.992177723,,,,
20.64,8.381864428,150.2618877,,,,,,8.549714291,146.1750085,,,,
19.2,10.37258948,77.92317643,,,,,,10.62596535,73.51407016,,,,
8.4,9.166203142,0.587067255,,,,,,10.07840648,2.817048304,,,,
8.16,9.962271834,3.248183764,,,,,,11.7033785,12.55553123,,,,
7.08,7.974615114,0.800336202,,,,,,11.01334573,15.4712086,,,,
8.34,4.872641213,12.02257696,,,,,,9.588266875,1.558170191,,,,
8.76,2.120826364,44.07862657,,,,,,8.330067975,0.184841546,,,,
3.03,-0.383045341,11.6488785,,,,,,7.746246454,22.24298062,,,,
1.92,-1.262772966,10.13004375,,,,,,7.404796505,30.0829927,,,,
3.81,-8.799230569,158.9926955,,,,,,5.487750341,2.814846207,,,,
2.22,-1.357472705,12.79831096,,,,,,-2.71686734,24.37265913,,,,
2.04,0.223075276,3.301215454,,,,,,-1.336569942,11.40122457,,,,
3.75,-1.584877264,28.46091542,,,,,,2.335467352,2.000902611,,,,
5.7,-1.052357282,45.59432886,,,,,,2.780191202,8.525283418,,,,
5.88,2.117518355,14.15626813,,,,,,2.599383224,10.76244643,,,,
8.43,2.94971734,30.03349803,,,,,,3.720422804,22.18011736,,,,
8.58,4.773237227,14.49144281,,,,,,3.059331555,30.47778008,,,,
7.08,2.949111311,17.06424136,,,,,,2.595255323,20.11293482,,,,
6.33,6.316846022,0.000173027,,,,,,6.692723363,0.131568238,,,,
5.73,12.07640137,40.27681035,,,,,,9.695371262,15.72416925,,,,
4.47,7.058843403,6.702110164,,,,,,6.039135804,2.46218717,,,,
3.09,2.75759576,0.110492579,,,,,,4.133963622,1.089860044,,,,
3.81,1.985930897,3.327228093,,,,,,2.729990022,1.166421553,,,,
1.71,1.646991593,0.003970059,,,,,,1.043662127,0.444006161,,,,
0.57,0.240282858,0.108713394,,,,,,-0.987932978,2.427155163,,,,
0.69,-2.966498722,13.36998291,,,,,,-2.399278231,9.543639986,,,,
8.61,10.55268956,3.774042721,,,,,,6.361693799,5.054880773,,,,
7.71,13.77833838,36.82473071,,,,,,9.221331628,2.284123291,,,,
10.41,12.2481724,3.378877761,,,,,,9.442193268,0.93664987,,,,
19.32,14.93980383,19.18611848,,,,,,12.51937358,46.24851976,,,,
7.35,16.40655777,82.02123857,,,,,,14.91778438,57.27136043,,,,
4.23,18.02234041,190.2286539,,,,,,18.32196103,198.5833657,,,,
5.88,19.70769208,191.2050684,,,,,,22.24678744,267.8717311,,,,
7.59,23.91087388,266.3709242,,,,,,30.15322303,509.0990333,,,,
11.4,27.89664982,272.1394552,,,,,,38.57374623,738.4124839,,,,
52.23,28.36955282,569.3209395,,,,,,40.53785557,136.7062414,,,,
157.68,29.22900026,16499.65933,,,,,,41.55779878,13484.36562,,,,
79.83,21.29768939,3426.031386,,,,,,27.86023805,2700.856157,,,,
18.33,9.349482723,80.64969056,,,,,,13.35356781,24.76487734,,,,
14.49,10.95093401,12.52498806,,,,,,14.9947853,0.254808202,,,,
14.58,5.786776976,77.32077115,,,,,,11.16132841,11.68731545,,,,
7.44,4.763572585,7.16326371,,,,,,9.292176736,3.430558662,,,,
1.92,1.010726228,0.826778792,,,,,,7.339946356,29.3758185,,,,
0.09,-10.58216245,113.8950514,,,,,,2.790091567,7.290494468,,,,
0.09,-4.961622162,25.51888647,,,,,,-2.633995461,7.420151273,,,,
0.09,-3.092882531,10.13074121,,,,,,-0.75847444,0.719908875,,,,
0.09,-4.51061594,21.16566703,,,,,,3.429422156,11.15174034,,,,
0,-4.42844685,19.6111415,,,,,,4.114498665,16.92909926,,,,
0.33,-0.928194435,1.583053236,,,,,,1.477571518,1.31692039,,,,
0.72,0.488996241,0.053362737,,,,,,1.674673742,0.911401954,,,,
1.59,-2.159087217,14.05565496,,,,,,4.803962806,10.32955692,,,,
1.11,-0.406275881,2.299092547,,,,,,5.160243162,16.40446967,,,,
1.53,-0.361652281,3.578348352,,,,,,4.870128162,11.15645614,,,,
2.97,-0.388287795,11.27809691,,,,,,5.124239936,4.640749704,,,,
3.66,1.33368897,5.411723009,,,,,,4.231780157,0.326932548,,,,
4.05,-0.53538355,21.0257423,,,,,,4.124213105,0.005507585,,,,
3.54,2.169975714,1.876966544,,,,,,5.832137982,5.253896528,,,,
2.25,6.024840671,14.24942209,,,,,,7.618254303,28.81815426,,,,
1.32,6.443616693,26.25144802,,,,,,7.350399526,36.36571844,,,,
1.29,1.132713363,0.024739086,,,,,,5.650419706,19.01326002,,,,
2.76,-3.356088948,37.40654403,,,,,,4.234381122,2.173799693,,,,
3.9,4.083121823,0.033533602,,,,,,-0.751642424,21.63777724,,,,
4.41,7.449793755,9.240346073,,,,,,1.931389193,6.143511533,,,,
3.39,8.564974784,26.78036402,,,,,,4.404425152,1.029058389,,,,
2.76,10.72522738,63.4448472,,,,,,6.353033681,12.90989103,,,,
26.91,12.26858718,214.3709694,,,,,,8.008493586,357.2669447,,,,
60.6,11.98333078,2363.580526,,,,,,6.262346933,2952.580541,,,,
49.89,12.56273453,1393.324747,,,,,,3.923401228,2112.928203,,,,
31.62,17.46548526,200.3502874,,,,,,13.24345378,337.697451,,,,
35.25,19.05154325,262.3900011,,,,,,18.90296286,267.2256232,,,,
41.91,15.8062354,681.4065261,,,,,,15.46249703,699.4704133,,,,
42.24,12.33720412,894.1772015,,,,,,12.28235101,897.4607332,,,,
29.79,14.00771842,249.080412,,,,,,16.43368143,178.3912457,,,,
15.9,16.0624366,0.02638565,,,,,,17.54480224,2.705374416,,,,
6.66,15.43310555,76.96738095,,,,,,16.2398111,91.7727807,,,,
11.49,13.90111962,5.813497828,,,,,,16.25617358,22.71641058,,,,
14.88,8.679592153,38.44505747,,,,,,11.94782993,8.597621325,,,,
4.65,-1.471493725,37.47268542,,,,,,6.028518196,1.900312416,,,,
6.36,2.262013615,16.79349241,,,,,,2.368318657,15.93351994,,,,
6.54,1.468412448,25.7210003,,,,,,1.490243728,25.50003841,,,,
4.26,-0.038936536,18.48085534,,,,,,2.340126895,3.685912738,,,,
6.18,3.329018025,8.128098223,,,,,,3.355033291,7.98043691,,,,
8.1,9.079144161,0.958723287,,,,,,6.9038735,1.430718604,,,,
7.17,8.20336562,1.067844505,,,,,,8.211404096,1.084522491,,,,
6.3,8.884802904,6.681206054,,,,,,8.462018007,4.674321862,,,,
6.87,10.61132935,13.99754528,,,,,,9.453096727,6.672388703,,,,
8.7,9.53444086,0.696291549,,,,,,8.140945644,0.312541773,,,,
9.42,9.904081751,0.234335141,,,,,,7.40380343,4.06504861,,,,
7.77,11.56797526,14.42461606,,,,,,6.561808056,1.459727773,,,,
6.18,12.15433815,35.69271637,,,,,,5.085185251,1.198619335,,,,
6.45,9.323249554,8.255562998,,,,,,3.444765688,9.031433272,,,,
6.42,5.243389805,1.38441155,,,,,,2.15239212,18.21247702,,,,
5.46,4.966475177,0.243566751,,,,,,0.794379232,21.76801715,,,,
4.8,3.777722828,1.045050616,,,,,,-0.630184885,29.48690789,,,,
7.5,2.909967259,21.06840057,,,,,,6.709840457,0.624352103,,,,
12.21,6.1475081,36.75380804,,,,,,4.052843843,66.53919657,,,,
8.1,7.866676331,0.054439934,,,,,,4.586316962,12.34596849,,,,
6.84,10.70530549,14.94058656,,,,,,6.983221666,0.020512446,,,,
14.85,13.07760139,3.141396846,,,,,,9.379482795,29.92655849,,,,
29.43,16.79846801,159.5556004,,,,,,14.36817287,226.8586365,,,,
5.7,22.52869605,283.2050107,,,,,,22.13233656,270.0216849,,,,
21.96,30.93862591,80.61572319,,,,,,39.54072204,309.0817874,,,,
92.76,41.17843833,2660.657504,,,,,,62.46658733,917.6908514,,,,
71.49,43.41156891,788.3982926,,,,,,68.88773859,6.771764439,,,,
87.84,44.43437013,1884.048704,,,,,,67.38691172,418.3288204,,,,
74.67,39.5420931,1233.969843,,,,,,48.8948495,664.3583835,,,,
53.85,30.33471303,552.9687213,,,,,,33.47960969,414.9528013,,,,
38.97,25.64377434,177.5882905,,,,,,26.33763572,159.5766272,,,,
35.79,21.85949442,194.0589857,,,,,,20.37835769,237.5187186,,,,
17.13,17.78674858,0.4313187,,,,,,14.24744353,8.309131814,,,,
11.43,14.54159119,9.681999721,,,,,,10.85496145,0.330669331,,,,
1.26,0.113062551,1.315465511,,,,,,4.785071082,12.42612613,,,,
2.07,3.790025033,2.958486115,,,,,,1.459502174,0.372707595,,,,
1.05,4.635533656,12.8560516,,,,,,1.972567214,0.851130264,,,,
0.78,4.183085398,11.58099023,,,,,,2.382431058,2.567785295,,,,
0.3,8.326839549,64.43015315,,,,,,5.675491014,28.89590364,,,,
0.12,15.34212112,231.7129714,,,,,,12.91185654,163.6315939,,,,
1.14,14.84858628,187.9253379,,,,,,12.36425612,125.9839255,,,,
2.82,13.23481997,108.468475,,,,,,11.64953726,77.9607283,,,,
2.97,11.19573385,67.66269741,,,,,,10.37738861,54.86940604,,,,
1.26,11.81469664,111.4016211,,,,,,10.68007519,88.73781652,,,,
0.81,11.49909606,114.2567746,,,,,,10.02113504,84.84500874,,,,
0.78,11.04785777,105.4289033,,,,,,9.157941404,70.18990216,,,,
23.25,14.2745503,80.55869727,,,,,,11.68995494,133.6346417,,,,
37.23,13.48739925,563.7110904,,,,,,10.72332738,702.6036935,,,,
21.09,11.30922067,95.66364429,,,,,,9.076555522,144.3228482,,,,
13.68,7.721233668,35.50689619,,,,,,6.817041856,47.10019449,,,,
11.19,5.350229609,34.10291822,,,,,,5.37020174,33.87005178,,,,
2.31,-0.320626394,6.920195222,,,,,,0.593126037,2.947656203,,,,
5.13,3.412124306,2.9510969,,,,,,-0.639073783,33.28221231,,,,
6.33,4.333418676,3.986336985,,,,,,0.476237436,34.26653615,,,,
7.29,4.323052678,8.802776414,,,,,,1.344560425,35.34825174,,,,
9.27,3.90881591,28.74229485,,,,,,0.925869137,69.62451986,,,,
16.53,5.924722122,112.4719189,,,,,,2.627107663,193.2904153,,,,
25.32,9.534001913,249.1977356,,,,,,6.185202471,366.1404765,,,,
19.71,15.73769123,15.77923695,,,,,,12.36629454,53.93000982,,,,
25.17,20.89675038,18.26066232,,,,,,20.46373215,22.14895712,,,,
26.7,24.65624499,4.176934523,,,,,,25.68796371,1.024217458,,,,
24.45,25.56232978,1.237277549,,,,,,29.03420136,21.01490208,,,,
23.22,23.2300846,0.000101699,,,,,,26.0610285,8.071442912,,,,
21.03,19.95958262,1.145793364,,,,,,17.51017559,12.38916389,,,,
16.23,17.22201189,0.984087585,,,,,,14.11170272,4.487183346,,,,
11.91,15.26221504,11.23734566,,,,,,14.36066429,6.005755449,,,,
11.37,9.935120964,2.058877849,,,,,,9.819330796,2.40457498,,,,
5.34,7.584654734,5.038474873,,,,,,5.398886676,0.003467641,,,,
2.79,2.015137157,0.600412425,,,,,,3.955479954,1.358343524,,,,
2.31,4.678980121,5.612066811,,,,,,2.407704931,0.009546254,,,,
2.01,2.307306916,0.088391402,,,,,,2.752879093,0.551869347,,,,
5.91,2.607877691,10.90401175,,,,,,4.069272892,3.388276288,,,,
13.35,2.764046895,112.0624031,,,,,,4.385598866,80.36048769,,,,
18.48,2.209489513,264.7295115,,,,,,4.238802865,202.8116958,,,,
20.04,0.248846768,391.6897463,,,,,,3.883069001,261.0464193,,,,
16.44,3.802999844,159.6937729,,,,,,3.903387066,157.1666639,,,,
11.13,6.793842148,18.80226491,,,,,,5.320596559,33.74916834,,,,
8.16,3.099457937,25.60908597,,,,,,4.796139643,11.3155565,,,,
6.78,3.530183869,10.56130489,,,,,,4.70499005,4.305666293,,,,
10.98,7.272395683,13.74632977,,,,,,4.92726531,36.63559722,,,,
19.62,9.963505515,93.24788574,,,,,,4.651447704,224.0575578,,,,
24.96,9.906378307,226.6115261,,,,,,2.213083634,517.4222042,,,,
16.02,7.234638777,77.18257181,,,,,,-0.590735342,275.9165286,,,,
15.3,3.824027706,131.6979401,,,,,,-2.957764423,333.3459617,,,,
21,4.977725775,256.7132713,,,,,,-6.27897071,744.142243,,,,
1.35,-2.17110778,12.3982,,,,,,5.497565246,17.20229747,,,,
1.44,2.053625919,0.376536769,,,,,,2.333179484,0.797769591,,,,
2.43,2.264996927,0.027226014,,,,,,3.240273758,0.656543563,,,,
7.71,3.411501388,18.47709032,,,,,,3.054097683,21.67742638,,,,
8.4,4.248293356,17.23666806,,,,,,3.275649668,26.25896633,,,,
5.82,1.740983948,16.63837196,,,,,,3.629045378,4.800282155,,,,
4.02,5.654376859,2.671187718,,,,,,5.838320153,3.30628818,,,,
6.48,6.499271843,0.000371404,,,,,,6.816308726,0.113103559,,,,
5.61,4.994734546,0.378551578,,,,,,5.717548036,0.01156658,,,,
5.46,4.339294071,1.255981779,,,,,,5.509773599,0.002477411,,,,
6.42,6.618624864,0.039451837,,,,,,7.210234988,0.624471336,,,,
11.67,5.531459929,37.6816742,,,,,,6.644060869,25.26006415,,,,
13.35,5.051230856,68.86956931,,,,,,6.780842518,43.15383002,,,,
7.32,8.459169887,1.297708032,,,,,,9.658681747,5.469432312,,,,
5.31,10.69690222,29.01871555,,,,,,11.90920012,43.54944217,,,,
6.48,11.00029398,20.43305765,,,,,,12.60540025,37.52052825,,,,
5.19,8.290035851,9.610222279,,,,,,10.93244621,32.97568849,,,,
36.96,-1.332203267,1466.292831,,,,,,3.851340646,1096.183324,,,,
26.31,2.461991892,568.7274907,,,,,,1.534946923,613.803255,,,,
11.94,6.796065602,26.46006109,,,,,,2.112763564,96.57457596,,,,
2.01,8.752220486,45.45753709,,,,,,4.47741011,6.088112649,,,,
3.51,11.71452407,67.31421522,,,,,,8.173978387,21.7526944,,,,
12.57,14.72194653,4.630873853,,,,,,11.67454579,0.801838237,,,,
20.4,16.64321764,14.1134137,,,,,,14.69042579,32.59923761,,,,
19.92,19.95846419,0.001479494,,,,,,20.00142948,0.00663076,,,,
27.3,24.89042654,5.806044241,,,,,,28.63891797,1.792701336,,,,
62.85,29.50734795,1111.732446,,,,,,36.73266277,682.115304,,,,
24.75,36.94116823,148.6245828,,,,,,48.43315677,560.8919145,,,,
10.38,41.66220354,978.5762585,,,,,,51.41841465,1684.151477,,,,
8.25,29.15202471,436.8946369,,,,,,28.81099012,422.7543148,,,,
19.26,22.93451255,13.50204251,,,,,,20.21207767,0.90645189,,,,
51.33,17.95004381,1114.221475,,,,,,15.33978159,1295.295821,,,,
13.29,14.64389076,1.833020191,,,,,,11.72740912,2.441690254,,,,
10.62,9.466679743,1.330147615,,,,,,9.758585661,0.742034664,,,,
0.09,0.04887205,0.001691508,,,,,,0.202166721,0.012581373,,,,
0.09,3.5244971,11.79577033,,,,,,0.191337221,0.010269232,,,,
0.09,2.344330545,5.082006206,,,,,,1.714717403,2.639706638,,,,
0.09,1.206562598,1.246712035,,,,,,2.87557829,7.759446408,,,,
0.06,4.259989162,17.63990896,,,,,,4.740298288,21.90519207,,,,
0,4.965416972,24.65536571,,,,,,5.573723423,31.06639279,,,,
0,4.50319459,20.27876152,,,,,,5.612175401,31.49651273,,,,
0,6.264442099,39.24323481,,,,,,6.865796618,47.1391632,,,,
0.03,9.43793402,88.50922252,,,,,,9.628464984,92.13053006,,,,
0.09,10.40911429,106.4841198,,,,,,10.66935649,111.9227838,,,,
0.12,6.896369143,45.91917876,,,,,,8.510773292,70.40507644,,,,
0.21,6.066099543,34.29390186,,,,,,8.193859333,63.74200984,,,,
0.27,4.366885692,16.78447238,,,,,,7.359876285,50.26634573,,,,
0.15,2.950778973,7.844362858,,,,,,6.42532172,39.37966269,,,,
0.09,2.210902258,4.498226389,,,,,,5.938360148,34.20331642,,,,
0.63,4.358676742,13.90303025,,,,,,4.468984285,14.73780034,,,,
1.32,2.198231942,0.771291345,,,,,,3.483790811,4.681990673,,,,
3.48,-10.57077268,197.424213,,,,,,8.793425633,28.23249196,,,,
1.2,-4.494516125,32.4275139,,,,,,0.30458149,0.801774309,,,,
1.32,0.09528646,1.499923254,,,,,,0.747350068,0.327927945,,,,
2.13,2.780760393,0.42348909,,,,,,2.661273489,0.28225152,,,,
2.94,5.289125404,5.518390164,,,,,,4.675765471,3.012881771,,,,
4.74,8.729300707,15.91452013,,,,,,7.284201909,6.472963356,,,,
8.37,11.30646171,8.622807352,,,,,,9.804017389,2.056405873,,,,
6.9,8.848385295,3.796205256,,,,,,9.042852277,4.591815879,,,,
8.7,7.772800508,0.859698898,,,,,,8.947267659,0.061141295,,,,
8.4,8.129330864,0.073261781,,,,,,8.53326993,0.017760874,,,,
13.59,10.67887487,8.474649546,,,,,,8.724759741,23.67056278,,,,
5.52,8.538999871,9.11436022,,,,,,6.635631374,1.244633363,,,,
0.39,8.510550382,65.9433385,,,,,,4.66142782,18.24509562,,,,
0.63,10.36887574,94.8457006,,,,,,2.57282179,3.774556509,,,,
1.98,9.986420909,64.10277577,,,,,,-3.097984235,25.78592389,,,,
3.33,7.468517837,17.12732989,,,,,,-8.699336963,144.7049478,,,,
3.81,-0.395550409,17.68665424,,,,,,-9.54301562,178.3030261,,,,
0.57,0.933298138,0.131985537,,,,,,6.67570555,37.27964026,,,,
1.86,6.143058321,18.34458858,,,,,,5.673888398,14.54574472,,,,
4.83,8.32750678,12.23255368,,,,,,6.611878091,3.175089531,,,,
6.57,9.02925477,6.047934023,,,,,,7.519641742,0.901819438,,,,
5.52,9.580663029,16.48898424,,,,,,8.397464237,8.279800438,,,,
3,10.74142093,59.929598,,,,,,9.479881577,41.98886525,,,,
2.88,10.29431475,54.97206317,,,,,,9.72867653,46.90437022,,,,
4.59,10.9896809,40.9559156,,,,,,9.84597654,27.62528939,,,,
4.68,10.94818008,39.29008156,,,,,,9.941425289,27.68259607,,,,
12.54,13.20915461,0.447767894,,,,,,12.50408242,0.001290073,,,,
16.74,14.58646007,4.637734218,,,,,,13.47223387,10.67829549,,,,
15.9,14.20728463,2.865285324,,,,,,15.45594939,0.197180948,,,,
11.07,10.51989696,0.302613359,,,,,,12.70794043,2.68284886,,,,
8.85,9.314689296,0.215936142,,,,,,11.98748981,9.843842286,,,,
8.04,8.374220971,0.111703657,,,,,,12.12246006,16.66648013,,,,
7.35,4.476161677,8.258946708,,,,,,7.642499671,0.085556058,,,,
8.94,5.170202415,14.21137384,,,,,,7.287687663,2.73013606,,,,
31.71,4.505951976,740.0602289,,,,,,7.601224239,581.2330687,,,,
32.85,7.151235459,660.4264989,,,,,,7.576016923,638.7742206,,,,
20.67,7.828060303,164.9154152,,,,,,8.417780249,150.1168888,,,,
13.17,8.509516211,21.72010914,,,,,,9.078711908,16.73863825,,,,
12.24,6.932821275,28.16614602,,,,,,8.047048442,17.58084277,,,,
14.01,10.79143125,10.35918482,,,,,,7.573737361,41.42547675,,,,
16.47,11.9776667,20.18105851,,,,,,8.744758747,59.67935241,,,,
17.43,16.11990157,1.716357888,,,,,,13.61983636,14.51734699,,,,
19.56,18.58091265,0.958612043,,,,,,17.06808827,6.209624072,,,,
27.06,20.15979624,47.61281199,,,,,,20.56730855,42.1550423,,,,
25.41,16.98636098,70.95769438,,,,,,17.97611896,55.26258728,,,,
29.61,15.23105352,206.7541018,,,,,,15.79749954,190.7851691,,,,
50.34,11.67686626,1494.837911,,,,,,12.71991538,1415.270767,,,,
49.89,8.954832887,1675.687907,,,,,,11.61343769,1465.095222,,,,
34.47,6.887778747,760.7789293,,,,,,11.23957041,539.652859,,,,
30.39,6.782247947,557.325957,,,,,,11.22687018,367.2255443,,,,
20.82,4.936838926,252.2748057,,,,,,10.73543071,101.6985377,,,,
1.83,10.37122257,72.95248305,,,,,,7.659683391,33.98520844,,,,
0.15,9.173952887,81.43172571,,,,,,7.721475434,57.32724024,,,,
1.38,8.949478083,57.29699846,,,,,,8.207540145,46.61530443,,,,
4.98,9.318811677,18.82528677,,,,,,8.897380134,15.34586711,,,,
6.72,11.53853401,23.21827003,,,,,,10.65077104,15.45096098,,,,
13.44,13.82406256,0.147504048,,,,,,12.76717896,0.452688148,,,,
43.17,16.83882167,693.3309521,,,,,,16.4610811,713.3663488,,,,
53.16,19.62662415,1124.487296,,,,,,20.52838011,1064.822617,,,,
41.1,20.73055521,414.9142809,,,,,,21.90075041,368.6111847,,,,
28.65,22.28208534,40.55033709,,,,,,23.85945666,22.9493055,,,,
23.49,22.12902038,1.85226552,,,,,,24.72890766,1.534892196,,,,
23.58,22.45198018,1.272428725,,,,,,25.15986378,2.495969561,,,,
17.64,20.9534547,10.97898205,,,,,,23.63372616,35.92475324,,,,
13.02,19.33373195,39.86321109,,,,,,21.45494769,71.14834246,,,,
9.15,19.06136098,98.23507656,,,,,,19.37581816,104.5673571,,,,
7.74,17.59856291,97.1912627,,,,,,16.62588429,78.95893961,,,,
7.05,14.95549908,62.49691573,,,,,,14.16107687,50.56741429,,,,
1.05,-7.745514862,77.36108168,,,,,,9.550759691,72.26291533,,,,
0.51,-3.639487923,17.21825002,,,,,,6.412520155,34.83974418,,,,
0.54,-1.600615502,4.582234727,,,,,,5.94842372,29.25104713,,,,
0.84,0.825107543,0.000221785,,,,,,5.835243883,24.95246145,,,,
0.9,5.093174849,17.58271532,,,,,,2.999489316,4.407855386,,,,
0.63,8.287548859,58.63805453,,,,,,2.28583174,2.741778752,,,,
7.47,11.87659358,19.41806699,,,,,,6.153985042,1.73189537,,,,
16.5,18.87505004,5.64086269,,,,,,15.96514876,0.286065852,,,,
18.75,19.98726239,1.53081821,,,,,,18.17551014,0.330038602,,,,
22.47,20.78900226,2.825753386,,,,,,19.99800101,6.110778996,,,,
26.04,20.94645044,25.9442471,,,,,,16.15083908,97.79550371,,,,
20.25,18.86734562,1.911733142,,,,,,13.28162585,48.55823829,,,,
12.45,17.84225465,29.07641019,,,,,,12.65310872,0.041253153,,,,
13.32,16.99248608,13.48715404,,,,,,11.61844833,2.895278102,,,,
14.73,14.3058797,0.179878029,,,,,,9.873401843,23.58654566,,,,
18.27,13.72903323,20.62037919,,,,,,9.13099624,83.52138972,,,,
15.63,11.51730256,16.91428027,,,,,,6.208731308,88.76030377,,,,
2.91,-6.848410469,95.22657488,,,,,,3.903348461,0.986741166,,,,
4.65,-3.994548784,74.72822368,,,,,,0.621030995,16.23259124,,,,
9.09,0.307393697,77.13417347,,,,,,-1.03549548,102.5256587,,,,
10.38,2.944477258,55.28699845,,,,,,0.34565829,100.6880136,,,,
5.94,8.288318885,5.514601587,,,,,,1.503973212,19.67833366,,,,
8.88,11.66473391,7.754742976,,,,,,4.224816136,21.6707368,,,,
5.1,16.5087899,130.160487,,,,,,11.52357268,41.26228592,,,,
0.57,19.628282,363.2181127,,,,,,17.2054681,276.738799,,,,
2.7,19.25228838,273.9782505,,,,,,16.3806223,187.1594264,,,,
6.39,18.10079671,137.1427596,,,,,,16.5699302,103.6309789,,,,
2.85,18.42067535,242.4459308,,,,,,22.12859388,371.6641818,,,,
0.27,13.97183085,187.7401687,,,,,,18.66241675,338.280994,,,,
0,10.97800589,120.5166134,,,,,,12.6757427,160.6744529,,,,
0,8.871418109,78.70205927,,,,,,10.46991596,109.6191402,,,,
0.15,10.7909187,113.2291508,,,,,,9.475274742,86.96074902,,,,
0.87,11.41165575,111.1265059,,,,,,5.723302962,23.55454964,,,,
1.47,7.766510822,39.64604854,,,,,,1.441402303,0.000817828,,,,
16.92,10.30509792,43.75692953,,,,,,8.360132692,73.27132834,,,,
17.94,16.11054211,3.34691616,,,,,,14.14613301,14.39342673,,,,
19.77,18.35943572,1.989691593,,,,,,16.19122589,12.80762416,,,,
18.48,18.35217064,0.016340344,,,,,,16.60136812,3.529257755,,,,
18.6,22.64387053,16.35288886,,,,,,21.49942309,8.406654276,,,,
24.33,24.15061816,0.032177844,,,,,,24.16559091,0.02703035,,,,
26.64,24.71463358,3.707035839,,,,,,26.56453528,0.005694923,,,,
23.13,21.89208909,1.532423431,,,,,,24.07017715,0.883933076,,,,
27.87,24.10592853,14.168234,,,,,,27.98397352,0.012989964,,,,
29.91,22.41397748,56.19035363,,,,,,26.23325727,13.51843711,,,,
28.83,21.04627985,60.58629935,,,,,,25.09051161,13.98377341,,,,
23.79,19.21842783,20.89927213,,,,,,22.77743299,1.025291941,,,,
17.43,22.88790897,29.7887703,,,,,,29.13281623,136.9559077,,,,
17.49,22.45858055,24.68679271,,,,,,27.67434568,103.7208969,,,,
13.23,18.98604196,33.13201907,,,,,,21.81085065,73.6309979,,,,
9.09,12.19796422,9.659441583,,,,,,14.65775503,30.99989608,,,,
8.58,8.681564089,0.010315264,,,,,,12.25271397,13.4888279,,,,
3.33,17.2830259,194.6869319,,,,,,11.90713165,73.5671873,,,,
5.61,20.57051735,223.8170795,,,,,,16.84111625,126.1379723,,,,
12.54,22.82176179,105.7146255,,,,,,20.70941849,66.73939849,,,,
18.48,24.51271499,36.39365009,,,,,,24.40096107,35.05778001,,,,
22.68,26.69120425,16.08975953,,,,,,28.99238184,39.84616448,,,,
25.59,30.00175998,19.46362616,,,,,,35.43846334,96.99223015,,,,
46.53,33.99512987,157.1229691,,,,,,42.95030547,12.81421295,,,,
74.43,33.91003738,1641.86737,,,,,,38.96407029,1257.83217,,,,
64.53,32.37168604,1034.157157,,,,,,36.48860178,786.3200142,,,,
58.14,31.7969256,693.9575689,,,,,,37.41017355,429.7257045,,,,
51.42,32.31213051,365.1106763,,,,,,38.59082943,164.5876174,,,,
41.34,34.89182906,41.57890847,,,,,,44.41066747,9.428998715,,,,
27.03,31.90987434,23.81317353,,,,,,38.40307157,129.346757,,,,
17.01,27.33080445,106.5190045,,,,,,30.08671636,171.0005108,,,,
21.18,22.58319254,1.96894931,,,,,,23.14828095,3.874129906,,,,
14.4,18.28448601,15.08923155,,,,,,18.59481345,17.59645985,,,,
3.15,13.72690298,111.8708767,,,,,,13.86306569,114.7697766,,,,
0.87,-6.740793526,57.9241781,,,,,,-0.812750141,2.831648038,,,,
0.66,-2.328163822,8.929123026,,,,,,-3.980426671,21.53355969,,,,
0.72,-0.772847026,2.228592242,,,,,,-1.88029096,6.761513075,,,,
0.81,0.732836884,0.005954146,,,,,,-0.074607245,0.782529978,,,,
0.66,2.766835082,4.438754062,,,,,,2.096445484,2.06337563,,,,
1.71,5.853242739,17.1664604,,,,,,4.637423476,8.569808208,,,,
3.87,8.669849603,23.03855621,,,,,,7.790609017,15.37117507,,,,
3.36,10.32459762,48.50562004,,,,,,10.29723653,48.12525069,,,,
1.95,8.586431716,44.04222592,,,,,,9.918642019,63.49925563,,,,
1.71,7.552885391,34.13930969,,,,,,9.400226383,59.13958183,,,,
1.74,7.502496154,33.20636193,,,,,,9.040323092,53.29471724,,,,
1.83,6.305127615,20.02676717,,,,,,7.00377505,26.76794826,,,,
1.56,6.093573063,20.55328472,,,,,,5.144365629,12.84767696,,,,
1.71,11.0587114,87.39840488,,,,,,9.558571158,61.60006922,,,,
2.91,13.26988313,107.3271784,,,,,,11.58239715,75.21047228,,,,
4.92,11.1008732,38.20319352,,,,,,8.86922338,15.59636531,,,,
6.12,5.192066139,0.861061251,,,,,,7.053686154,0.871769835,,,,
