,ID,t,phi,f,P,mw,w10m,v,r,rf_modded
0,1726,-24,126,1.52E-05,998,35,2.99,0,612.7919487,27.59791222
1,1726,-21,125.8,1.53E-05,1000,17.5,3.55,7.48706412,590.8070648,55.95784504
2,1726,-18,125.6,1.54E-05,1002,0,4.57,7.485741164,568.8741088,90.17775864
3,1726,-15,125.4,1.55E-05,1002,0,3.7,8.139850821,544.290236,2.971495254
4,1726,-12,125.2,1.56E-05,1002,0,3.23,8.137387239,519.7201399,10.82635856
5,1726,-9,124.7,1.57E-05,1003,0,3.58,18.21110899,469.5330444,14.34730161
6,1726,-6,124.2,1.57E-05,1004,0,3.96,18.20762988,420.4958242,129.1181157
7,1726,-3,123.45,1.56E-05,1004,0,4.17,27.74623736,366.8547105,224.5078712
8,1726,0,122.7,1.54E-05,1004,0,4.14,27.76141063,325.7359011,200.5914506
9,1726,3,122.2,1.49E-05,1004,0,5.68,23.42472396,338.2741814,130.7354185
10,1726,6,121.7,1.44E-05,1004,0,7.38,23.44483573,364.0667943,281.0098999
11,1726,9,121.05,1.40E-05,1004,0,7.35,26.13994006,388.8969423,193.3652907
12,1726,12,120.4,1.36E-05,1004,0,6.8,26.16163125,426.8853954,162.2773176
13,1726,15,120.05,1.35E-05,1004,0,6.58,13.2866408,445.0454328,142.4340265
14,1726,18,119.7,1.34E-05,1004,0,6.32,13.29066215,465.9265121,87.61734102
15,1726,21,119.25,1.33E-05,1004,0,6.29,16.5194928,488.160047,3.507889399
16,1726,24,118.8,1.33E-05,1004,0,5.22,16.52213759,514.2344762,2.679950791
17,1826,-24,125.65,2.11E-05,962.5,75,2.46,0,558.6582413,0.958053351
18,1826,-21,125.2,2.10E-05,955,80,2.08,16.40769924,511.2903282,6.659194491
19,1826,-18,124.7,2.10E-05,955,80,1.89,17.7613865,465.141121,11.3182949
20,1826,-15,124.2,2.10E-05,955,80,2.71,17.7613865,420.6817425,42.12497733
21,1826,-12,123.6,2.10E-05,955,80,2.6,21.3136638,370.4171433,67.07318019
22,1826,-9,123,2.10E-05,955,80,2.18,21.3136638,324.9946037,67.13496032
23,1826,-6,122.3,2.09E-05,962.5,75,2.63,25.1525209,271.7335126,144.3185585
24,1826,-3,121.6,2.08E-05,970,70,2.91,25.16536731,231.085258,170.1721224
25,1826,0,120.85,2.07E-05,977.5,62.5,3.47,26.74096663,216.3985274,284.47207
26,1826,3,120.1,2.07E-05,985,55,4.34,26.74785768,230.4995118,398.0374594
27,1826,6,119.6,2.09E-05,985,55,6.05,19.24930835,275.3468705,181.0256384
28,1826,9,119.1,2.11E-05,985,55,6.41,19.23204746,324.199513,18.12564078
29,1826,12,118.85,2.13E-05,987.5,52.5,5.26,9.611671618,349.5923433,0.062771624
30,1826,15,118.6,2.14E-05,990,50,4.03,9.607294936,375.448011,1.149441688
31,1826,18,118.4,2.16E-05,990,50,3.2,10.24425832,405.9897359,0.00386725
32,1826,21,118.2,2.19E-05,990,50,2.72,10.23893761,436.4986692,5.712442652
33,1826,24,117.95,2.22E-05,991,47.5,2.72,14.18386802,478.6245454,5.359534086
34,1330,-24,129.1,1.29E-05,895,125,5.42,0,1014.800085,242.129486
35,1330,-21,128,1.31E-05,895,125,4.42,40.82238305,898.9036237,84.21131863
36,1330,-18,126.9,1.34E-05,895,125,3.07,40.79685414,785.2976456,65.28560106
37,1330,-15,125.85,1.36E-05,902.5,117.5,3.05,38.98003347,679.3403085,62.4453952
38,1330,-12,124.8,1.39E-05,910,110,3.6,38.95478982,577.9120916,5.881898164
39,1330,-9,123.65,1.41E-05,925,100,4.51,42.50837737,477.0215273,27.20356463
40,1330,-6,122.5,1.44E-05,940,90,4.76,42.47964169,392.2265383,55.45627179
41,1330,-3,121.5,1.47E-05,940,90,6.36,37.49999997,332.6281374,68.81405179
42,1330,0,120.5,1.50E-05,940,90,7.64,37.46799418,304.626243,0.271172509
43,1330,3,119.25,1.52E-05,940,90,8.35,45.6991426,340.4249828,124.9502812
44,1330,6,118,1.54E-05,940,90,9.21,45.67382788,420.0678868,123.7948979
45,1330,9,117.3,1.54E-05,940,90,9.25,25.45041893,478.2208478,8.237756995
46,1330,12,116.6,1.55E-05,940,90,8.79,25.44561273,540.8750935,28.5296444
47,1330,15,115.7,1.62E-05,940,90,8.12,39.39827996,603.5613653,3.769936535
48,1330,18,114.8,1.70E-05,940,90,7.58,39.33251862,680.3095907,93.32000518
49,1330,21,113.95,1.75E-05,942.5,87.5,6.35,34.84324735,763.1932636,11.70582414
50,1330,24,113.1,1.81E-05,945,85,5.43,34.79006681,850.1780544,21.43796311
51,2002,-24,125.05,1.67E-05,1006,0,3.68,0,463.8355444,0.13361121
52,2002,-21,124.7,1.72E-05,1006,0,2.35,19.44527929,414.4186821,37.93860276
53,2002,-18,124.3,1.76E-05,1006,0,2.14,18.18099327,364.5829584,8.069943271
54,2002,-15,123.9,1.80E-05,1006,0,1.9,18.16600441,316.5491294,10.34319994
55,2002,-12,123.4,1.82E-05,1005,0,1.75,19.42610955,260.8316866,0.01065967
56,2002,-9,122.9,1.85E-05,1004,0,1.76,19.41103207,206.7740281,51.58752469
57,2002,-6,122.35,1.87E-05,1004,0,2.45,21.06425236,150.7600559,200.2565411
58,2002,-3,121.8,1.89E-05,1004,0,2.16,21.04700514,103.6942248,263.0945356
59,2002,0,121.15,1.94E-05,1003,0,2.13,26.60963624,95.57198381,213.2786609
60,2002,3,120.5,1.98E-05,1002,0,0.69,26.57504098,142.3999295,5.682661813
61,2002,6,119.95,2.00E-05,1002,0,1.19,20.39229786,185.7718403,23.45859121
62,2002,9,119.4,2.02E-05,1002,0,3.14,20.37811226,237.0459969,60.6952378
63,2002,12,118.85,2.03E-05,1001,0,4.08,20.36379822,292.0355701,490.7642956
64,2002,15,118.3,2.05E-05,1000,0,5.55,20.34935585,348.9422836,181.7422866
65,2002,18,117.95,2.08E-05,999,17.5,4.79,14.478948,392.0367055,6.75226168
66,2002,21,117.6,2.10E-05,998,35,3.95,14.4677759,435.0812774,79.25095618
67,2002,24,117.15,2.14E-05,998,35,2.41,20.54787755,495.9692521,10.98639449
68,1409,-24,126.25,1.59E-05,962.5,67.5,0.45,0,611.8870412,41.57855212
69,1409,-21,125.6,1.60E-05,960,70,1.7,23.60170553,544.1725625,0.905851631
70,1409,-18,125.15,1.61E-05,955,75,1.78,16.69779516,494.744205,0.004494616
71,1409,-15,124.7,1.62E-05,950,80,2,16.69147687,445.5417394,0.083690016
72,1409,-12,124.05,1.65E-05,947.5,82.5,2.55,25.24158398,369.6337962,21.71181399
73,1409,-9,123.4,1.69E-05,945,85,2.96,25.21912211,293.949009,400.0105742
74,1409,-6,122.65,1.72E-05,945,85,3.08,29.22662249,206.4051973,438.7974067
75,1409,-3,121.9,1.76E-05,945,85,2.9,29.19439029,119.678222,138.6094434
76,1409,0,121.15,1.77E-05,952.5,77.5,5.2,27.24369073,58.81026375,11.26205216
77,1409,3,120.4,1.78E-05,960,70,5.26,27.23192808,77.19744621,1.478021652
78,1409,6,119.7,1.84E-05,962.5,67.5,5.68,30.14290393,138.1869027,289.5452637
79,1409,9,119,1.89E-05,965,65,6.69,30.099378,220.0288367,294.7514029
80,1409,12,118.3,1.89E-05,967.5,62.5,9.23,25.07771505,293.4754995,98.86466734
81,1409,15,117.6,1.89E-05,970,60,7.63,25.07771505,367.6453466,36.58448026
82,1409,18,117.2,1.93E-05,970,60,5.28,17.04069548,414.3625267,24.2419447
83,1409,21,116.8,1.96E-05,970,60,3.14,17.02622197,461.8264399,11.0028903
84,1409,24,116.2,1.99E-05,965,62.5,2.54,24.11703653,531.7962034,14.67571503
85,1325,-24,125.75,1.92E-05,977.5,62.5,1.75,0,517.7282557,65.73663116
86,1325,-21,125.4,1.92E-05,975,65,1.27,12.52697141,480.6003323,3.4710516
87,1325,-18,124.95,1.92E-05,972.5,67.5,1.28,16.1061061,432.979296,1.774458667
88,1325,-15,124.5,1.92E-05,970,70,1.38,16.1061061,385.5318168,8.427418055
89,1325,-12,123.9,1.92E-05,970,70,1.42,21.47480813,322.6708067,26.41983865
90,1325,-9,123.3,1.92E-05,970,70,1.4,21.47480813,260.5746153,37.06494891
91,1325,-6,122.85,1.93E-05,970,70,2.37,16.20812801,216.9150115,36.01351412
92,1325,-3,122.4,1.93E-05,970,70,3.42,16.2042901,175.9326104,23.00909702
93,1325,0,121.45,1.94E-05,972.5,67.5,3.71,34.02761346,106.4388374,361.3924236
94,1325,3,120.5,1.94E-05,975,65,4.31,34.01941778,112.0617763,140.7275506
95,1325,6,119.75,1.93E-05,975,65,5.63,27.40468372,156.0331391,2.807247353
96,1325,9,119,1.91E-05,975,65,5.02,27.42347612,222.9666188,0.219224035
97,1325,12,118.6,1.91E-05,972.5,67.5,4.01,14.32335264,264.3113048,51.51077905
98,1325,15,118.2,1.91E-05,970,70,4.53,14.32335264,306.1040188,94.17428815
99,1325,18,117.6,1.89E-05,970,70,5.72,21.81114279,367.6453466,15.000224
100,1325,21,117,1.88E-05,970,70,5.23,21.82108475,430.4383279,46.81511682
101,1325,24,116.35,1.89E-05,967.5,72.5,4.32,23.36524042,500.4183453,23.62194022
102,1914,-24,126.3,2.27E-05,1008,0,2.05,0,689.5697204,98.14036421
103,1914,-21,126.1,2.27E-05,1007,0,1.8,7.290596043,669.2794308,61.89015664
104,1914,-18,125.9,2.26E-05,1006,0,1.92,7.292544045,649.071402,32.68229741
105,1914,-15,125.45,2.26E-05,1006,0,3.31,15.87163909,611.5614084,2.095807154
106,1914,-12,125,2.26E-05,1006,0,3.99,15.87163909,575.5479028,35.43445805
107,1914,-9,124.4,2.26E-05,1006,0,3.25,21.16218545,530.3830829,35.14894928
108,1914,-6,123.8,2.26E-05,1006,0,2.06,21.16218545,489.3037159,12.05697459
109,1914,-3,123.25,2.27E-05,1006,0,2.02,19.73736996,465.5880032,14.63440903
110,1914,0,122.7,2.28E-05,1006,0,1.87,19.7264154,448.5557161,12.13107634
111,1914,3,122.3,2.36E-05,1005,0,1.98,26.26592902,496.5611649,13.87253168
112,1914,6,121.9,2.43E-05,1004,0,1.86,26.23904813,551.8435543,3.734768468
113,1914,9,121.2,2.40E-05,1004,0,2.27,26.20848644,516.1306765,9.982428816
114,1914,12,120.5,2.37E-05,1004,0,3.31,26.24320311,490.50458,19.2673784
115,1914,15,119.55,2.39E-05,1003,0,3.86,33.7596924,526.5224979,2.029019253
116,1914,18,118.6,2.40E-05,1002,0,2.36,33.72972288,578.1544813,150.6566531
117,1914,21,117.95,2.39E-05,1002,0,2.08,23.45058951,596.8393844,147.9486255
118,1914,24,117.3,2.37E-05,1002,0,1.62,23.47063256,623.0796587,381.3519472
119,1724,-24,126.35,1.47E-05,1005,0,4.13,0,667.9970278,46.37424638
120,1724,-21,125.6,1.52E-05,1004,0,2.4,30.97358519,574.3263632,55.72103379
121,1724,-18,124.95,1.56E-05,1005,0,2.45,26.03922536,495.902524,76.06646489
122,1724,-15,124.3,1.60E-05,1006,0,2.37,26.01443846,417.6875953,88.76824692
123,1724,-12,123.55,1.64E-05,1005,0,2.61,29.29918779,330.5465911,113.5620535
124,1724,-9,122.8,1.67E-05,1004,0,2.64,29.26854214,244.3880429,96.14310827
125,1724,-6,122.15,1.70E-05,1004,0,4.61,25.20544721,172.2109836,106.5696153
126,1724,-3,121.5,1.73E-05,1004,0,5.04,25.18232647,105.3435278,24.65036742
127,1724,0,120.9,1.77E-05,1004,0,4.41,24.27762926,56.64976819,382.256886
128,1724,3,120.3,1.81E-05,1004,0,3.6,24.25215356,76.96753567,935.8221454
129,1724,6,119.75,1.85E-05,1003,17.5,2.35,22.64583038,133.1032901,965.3357132
130,1724,9,119.2,1.88E-05,1002,35,2.73,22.62200862,196.6025899,233.8079328
131,1724,12,118.85,1.94E-05,1002,35,4.28,20.82752501,247.2838438,914.9932895
132,1724,15,118.5,1.99E-05,1002,35,3.29,20.81115625,302.1578491,2499.747072
133,1724,18,118.05,2.05E-05,1002,35,3.6,24.4682718,371.1706085,4.125923683
134,1724,21,117.6,2.11E-05,1002,35,3.55,24.44118485,441.2377161,107.3667982
135,1724,24,117.3,2.13E-05,1001,35,2.14,12.00239104,476.7061548,25.13088824
136,1829,-24,127.7,1.34E-05,1002,0,2.58,0,858.9052651,10.63399819
137,1829,-21,127.25,1.36E-05,1003,0,4.4,17.9930736,804.9284273,29.58883296
138,1829,-18,126.8,1.39E-05,1004,0,5.19,17.98304023,751.0639588,82.22928086
139,1829,-15,126.1,1.41E-05,1004,0,4.89,26.53195234,674.5415668,129.9263196
140,1829,-12,125.4,1.44E-05,1004,0,3.14,26.51490052,599.0117361,65.83844676
141,1829,-9,124.45,1.41E-05,1005,0,2.79,35.36219412,534.8651995,102.5494642
142,1829,-6,123.5,1.39E-05,1006,0,2.64,35.38535325,485.4215965,128.6983986
143,1829,-3,122.55,1.37E-05,1005,0,2.74,35.06270992,450.4508453,134.8346304
144,1829,0,121.6,1.35E-05,1004,0,3.31,35.07974319,438.4458081,120.1809665
145,1829,3,120.85,1.34E-05,1005,0,4.26,27.60387671,444.5370508,130.7331962
146,1829,6,120.1,1.33E-05,1006,0,5.7,27.61268877,465.5213952,245.9370497
147,1829,9,119.25,1.34E-05,1006,0,5.25,31.48979794,477.930705,157.575468
148,1829,12,118.4,1.36E-05,1006,0,4.49,31.47467516,507.8426093,103.5942954
149,1829,15,117.7,1.39E-05,1005,17.5,3.54,27.11813474,533.0328587,54.51592678
150,1829,18,117,1.42E-05,1004,35,3.25,27.09750466,568.6727522,48.37183809
151,1829,21,116.3,1.44E-05,1004,35,3.25,26.05514889,619.2413198,33.60850266
152,1829,24,115.6,1.46E-05,1004,35,3.05,26.04187839,674.9677325,11.84382076
153,1311,-24,126.45,1.80E-05,952.5,82.5,1.66,0,590.3563213,16.57871197
154,1311,-21,125.9,1.82E-05,950,85,1.36,20.52277952,530.1356319,0.066030112
155,1311,-18,125.35,1.86E-05,945,87.5,1.12,22.63794118,470.5919764,0.001317302
156,1311,-15,124.8,1.89E-05,940,90,1.34,22.61396535,413.9939184,0.282439896
157,1311,-12,124.15,1.92E-05,932.5,97.5,1.66,24.41237023,348.793565,1.635429027
158,1311,-9,123.5,1.94E-05,925,105,1.17,24.39107837,287.8002891,42.99083166
159,1311,-6,122.85,1.98E-05,930,100,1.99,25.72471907,240.076505,70.45427023
160,1311,-3,122.2,2.02E-05,935,95,2.64,25.69345963,210.9960277,29.16919544
161,1311,0,121.5,2.05E-05,945,85,3.37,27.2772972,206.8199031,0.393061111
162,1311,3,120.8,2.09E-05,955,75,4.43,27.24195593,233.3957655,69.71065147
163,1311,6,120,2.12E-05,960,72.5,4.75,29.8637248,280.5558665,65.70744293
164,1311,9,119.2,2.15E-05,965,70,4.5,29.82758853,344.8301564,24.95856244
165,1311,12,118.6,2.19E-05,965,70,4.63,24.86471559,413.290977,4.029239329
166,1311,15,118,2.24E-05,965,70,5.87,24.82945647,483.3088348,0.112051751
167,1311,18,117.25,2.24E-05,965,70,4.25,26.5398124,542.3084884,41.31872742
168,1311,21,116.5,2.25E-05,965,70,4.34,26.5323361,605.9842263,7.105586516
169,1311,24,115.85,2.27E-05,962.5,70,3.77,23.58135659,670.512144,19.41996561
170,1510,-24,125,1.93E-05,990,40,3.76,0,440.1512506,90.94912747
171,1510,-21,124.8,1.97E-05,990,40,3.42,14.78651547,428.3469913,60.3038214
172,1510,-18,124.6,2.02E-05,990,40,3.77,14.78063406,421.0396799,80.87563474
173,1510,-15,124.2,2.04E-05,987.5,42.5,3.81,16.05255992,391.9425824,14.44434157
174,1510,-12,123.8,2.07E-05,985,45,3.71,16.0396011,367.0414354,3.06358871
175,1510,-9,123.4,2.08E-05,985,45,4.22,15.26454709,343.5684733,115.7992849
176,1510,-6,123,2.10E-05,985,45,4.98,15.25414,324.9946037,127.3456569
177,1510,-3,122.8,2.11E-05,985,45,4.92,8.006615797,320.0032559,23.04285558
178,1510,0,122.6,2.13E-05,985,45,3.61,8.003272638,316.7869072,59.31320766
179,1510,3,122.3,2.16E-05,987.5,42.5,3.71,14.09089928,325.3387384,138.2044421
180,1510,6,122,2.19E-05,990,40,4.15,14.08000982,339.0558762,89.89909137
181,1510,9,121.15,2.22E-05,991,40,4.1,31.43053278,349.5769836,132.9765338
182,1510,12,120.3,2.25E-05,992,40,2.8,31.39018704,383.730857,101.7806738
183,1510,15,120.05,2.24E-05,992,40,3.83,9.016852387,384.2218493,88.52670337
184,1510,18,119.8,2.24E-05,992,40,6.47,9.019290292,386.6172269,71.43093409
185,1510,21,119.65,2.25E-05,992,40,6.54,7.66801259,407.5882682,7.589967821
186,1510,24,119.5,2.27E-05,992,40,4.45,7.664905716,428.7500836,0.06372351
187,1929,-24,124.9,1.44E-05,975,75,4.26,0,556.0443757,115.9959959
188,1929,-21,124.15,1.46E-05,972.5,77.5,4.39,28.24727934,480.0498843,263.7156487
189,1929,-18,123.4,1.49E-05,970,80,2.71,28.22827671,407.7150178,152.6260515
190,1929,-15,122.9,1.49E-05,972.5,77.5,2.49,18.25178753,370.2078492,107.7055322
191,1929,-12,122.4,1.50E-05,975,75,2.89,18.24847321,337.4745266,106.0440814
192,1929,-9,121.85,1.51E-05,977.5,72.5,3.48,20.30236463,304.0253823,134.2338556
193,1929,-6,121.3,1.52E-05,980,70,3.94,20.29505459,280.0175387,217.6217927
194,1929,-3,120.7,1.55E-05,982.5,67.5,5.1,22.97628995,257.5171415,58.8463923
195,1929,0,120.1,1.57E-05,985,65,5.62,22.96050267,252.4087636,213.0646777
196,1929,3,119.7,1.59E-05,988.5,60,5.37,15.50870476,257.7172226,0.071190832
197,1929,6,119.3,1.61E-05,992,55,5.02,15.50071978,270.9735842,304.5510863
198,1929,9,118.95,1.63E-05,988.5,60,4.13,13.81960991,286.8807349,27.74488153
199,1929,12,118.6,1.65E-05,985,65,3.94,13.81260065,307.5240474,15.56332241
200,1929,15,118.3,1.67E-05,980,70,3.64,12.17349499,327.1825703,15.12747068
201,1929,18,118,1.69E-05,975,75,2.86,12.16752677,349.4932684,2.71688061
202,1929,21,117.85,1.72E-05,980,70,3.18,10.71291239,354.9861177,22.24301164
203,1929,24,117.7,1.75E-05,985,65,3.51,10.71004822,363.1799219,107.0713118
204,1102,-24,127.35,1.69E-05,940,90,0.91,0,701.2144919,170.2353414
205,1102,-21,127.2,1.73E-05,935,95,0.98,14.02931716,678.0805217,82.88141797
206,1102,-18,126.85,1.79E-05,932.5,97.5,1.52,20.86903353,634.3210507,21.16725758
207,1102,-15,126.5,1.85E-05,930,100,1.73,20.85383501,594.2283772,8.47189544
208,1102,-12,126.15,1.90E-05,925,102.5,1.76,20.83819525,558.5766077,11.40619271
209,1102,-9,125.8,1.96E-05,920,105,1.97,20.8221171,528.246723,8.653076327
210,1102,-6,125.45,1.99E-05,920,105,3.31,16.70817195,499.4732466,1.270833825
211,1102,-3,125.1,2.03E-05,920,105,3.55,16.69419107,474.4786684,0.799060051
212,1102,0,124.8,2.09E-05,920,105,4.04,21.34938788,468.8308928,3.873931145
213,1102,3,124.5,2.15E-05,920,105,4.17,21.33552052,472.1551261,8.511484782
214,1102,6,124.2,2.20E-05,920,105,4.22,19.73965142,480.3905187,5.518642939
215,1102,9,123.9,2.26E-05,920,105,3.68,19.72546014,495.822223,0.328899045
216,1102,12,123.65,2.33E-05,925,102.5,4.03,23.87286721,534.5698609,2.45614687
217,1102,15,123.4,2.40E-05,930,100,4.6,23.86169261,579.7834367,3.118010955
218,1102,18,123.25,2.47E-05,930,97.5,4.77,21.01073786,628.7863907,4.767840247
219,1102,21,123.1,2.53E-05,930,95,5.29,21.00657642,680.1782432,3.672269413
220,1102,24,123.2,2.60E-05,935,92.5,4.15,20.64186674,741.1226539,47.08012909
221,1003,-24,122.95,1.96E-05,1008,0,1.36,0,240.7529615,38.5756302
222,1003,-21,122.8,1.94E-05,1008,0,0.64,7.717193626,218.8745625,3.541650726
223,1003,-18,122.6,1.93E-05,1008,0,0.9,8.054501233,194.7952209,10.89332431
224,1003,-15,122.4,1.92E-05,1008,0,1.39,8.057542056,170.6972476,55.17115291
225,1003,-12,122.25,1.91E-05,1008,0,1.86,6.521770172,151.3940738,75.81052102
226,1003,-9,122.1,1.89E-05,1008,0,1.48,6.523855074,132.1361788,38.76885668
227,1003,-6,121.7,1.90E-05,1007,0,1.26,14.44563365,98.06764456,19.54000771
228,1003,-3,121.3,1.91E-05,1006,0,1.05,14.44227133,74.41094786,18.25210873
229,1003,0,120.6,1.89E-05,1006,0,0.62,25.68996244,64.30804836,43.23375638
230,1003,3,119.9,1.87E-05,1006,0,0.56,25.70711406,120.9584371,47.95168508
231,1003,6,119.4,1.86E-05,1005,0,1.58,18.31514028,171.666934,16.48395271
232,1003,9,118.9,1.85E-05,1004,0,1.38,18.3232127,224.4543557,0.067911856
233,1003,12,118.35,1.84E-05,1004,0,1.48,19.83149818,283.5344535,1.826207842
234,1003,15,117.8,1.83E-05,1004,0,2.05,19.83597517,342.8024685,4.007998825
235,1003,18,117.4,1.86E-05,1003,0,1.41,17.06897241,386.413766,3.525520945
236,1003,21,117,1.89E-05,1002,0,1.31,17.0549458,431.5126155,1.458651365
237,1003,24,116.8,1.94E-05,1001,17.5,3.39,16.43397798,459.510047,35.59986889
238,1220,-24,117.2,1.93E-05,992,45,1.48,0,415.4111979,10.67510748
239,1220,-21,117.45,1.93E-05,991,47.5,1.34,9.134894572,388.1032305,10.69904729
240,1220,-18,117.7,1.92E-05,990,50,1.58,9.136989268,360.7826295,1.81410571
241,1220,-15,117.85,1.92E-05,990,50,2.55,5.368702033,345.066929,0.299409441
242,1220,-12,118,1.92E-05,990,50,2.77,5.368702033,329.3889472,6.64770215
243,1220,-9,118.1,1.91E-05,991,47.5,2.88,4.029527666,317.7349046,52.70262794
244,1220,-6,118.2,1.91E-05,992,45,1.98,4.030281924,306.1040188,4.666690124
245,1220,-3,118.25,1.89E-05,992,45,1.95,4.109943099,298.755712,14.33936386
246,1220,0,118.3,1.88E-05,992,45,3.49,4.110299817,291.7326043,35.30244241
247,1220,3,118.25,1.88E-05,992,45,3.91,2.575628899,296.3471391,48.43572218
248,1220,6,118.2,1.87E-05,992,45,3.61,2.575917188,301.0939669,138.8165846
249,1220,9,118.1,1.85E-05,993,42.5,3.57,6.607761423,310.6934526,197.4702755
250,1220,12,118,1.83E-05,994,40,3.23,6.609078078,321.2575113,163.1782144
251,1220,15,117.7,1.82E-05,994,40,3.04,11.39448257,353.9237843,130.125312
252,1220,18,117.4,1.81E-05,994,40,2.08,11.39906489,386.9047639,68.91354117
253,1220,21,117,1.81E-05,994,40,2.78,14.49157019,429.6140436,87.5603499
254,1220,24,116.6,1.82E-05,994,40,2.62,14.48835941,472.427447,52.81732383
255,1213,-24,125.9,2.10E-05,992,40,2.69,0,577.9651109,7.607181351
256,1213,-21,125.55,2.11E-05,992,40,3,12.96533666,549.2007112,5.571023322
257,1213,-18,125.2,2.13E-05,992,40,3.27,12.95900666,521.8243699,9.100905014
258,1213,-15,124.8,2.13E-05,992,40,2.78,14.1940478,485.6691425,4.926788867
259,1213,-12,124.4,2.13E-05,992,40,3.24,14.1940478,450.638255,30.07594444
260,1213,-9,124.1,2.14E-05,992,40,4.65,11.26458577,432.1598828,87.17098469
261,1213,-6,123.8,2.15E-05,992,40,5.62,11.2591786,415.6663109,94.72695172
262,1213,-3,123.6,2.17E-05,992,40,6.14,8.998279594,412.5870066,43.53779067
263,1213,0,123.4,2.19E-05,992,40,5.33,8.993717406,411.3064096,13.62547165
264,1213,3,123.05,2.22E-05,992,40,5.83,15.4442865,412.2484157,71.39784368
265,1213,6,122.7,2.25E-05,992,40,5.47,15.43040738,418.4589716,33.84575049
266,1213,9,121.8,2.29E-05,991,42.5,4.6,34.24027699,424.6062749,38.29832756
267,1213,12,120.9,2.33E-05,990,45,4.54,34.18034396,454.6536611,41.09599958
268,1213,15,120.2,2.34E-05,987.5,47.5,5.7,24.66553902,467.4504603,67.55775814
269,1213,18,119.5,2.34E-05,985,50,7.54,24.65826436,491.1685213,134.7470146
270,1213,21,118.85,2.34E-05,980,55,6.64,22.83244461,517.045726,69.81425363
271,1213,24,118.2,2.34E-05,975,60,5.15,22.83244461,550.2815813,23.87788351
272,1822,-24,127.4,1.96E-05,905,110,2.28,0,696.9255955,111.5340519
273,1822,-21,126.9,2.00E-05,905,110,2.32,23.1734834,651.9166101,76.08127679
274,1822,-18,126.3,2.05E-05,905,110,2.72,24.98060672,600.1666204,75.7120802
275,1822,-15,125.7,2.09E-05,905,110,2.93,24.94760774,554.1999207,73.63103484
276,1822,-12,124.9,2.13E-05,905,110,3.92,31.19440013,497.5237413,5.61845061
277,1822,-9,124.1,2.17E-05,905,110,4.78,31.14561641,453.8266569,5.53824892
278,1822,-6,123.2,2.21E-05,905,110,5.41,33.69506829,416.3665313,66.33967882
279,1822,-3,122.3,2.25E-05,905,110,6.31,33.64450218,401.8679689,104.5127753
280,1822,0,121.4,2.25E-05,922.5,100,6.9,31.76133813,379.4593965,0.00067078
281,1822,3,120.5,2.25E-05,940,90,7.23,31.76133813,380.3144615,19.3666244
282,1822,6,120.1,2.28E-05,940,90,7.68,16.85922479,415.2314329,6.418803209
283,1822,9,119.7,2.31E-05,940,90,7.88,16.84220371,453.0634218,26.93351588
284,1822,12,119,2.35E-05,945,87.5,8.65,27.78321045,515.4188398,161.0676418
285,1822,15,118.3,2.39E-05,950,85,8.49,27.73753503,582.8231258,154.3127898
286,1822,18,117.65,2.43E-05,952.5,82.5,6.76,25.30017498,646.1576134,61.16561744
287,1822,21,117,2.46E-05,955,80,4.44,25.26207348,711.7022906,3.145063349
288,1822,24,116.15,2.51E-05,957.5,77.5,3.64,33.09375974,800.3743279,1.068073128
289,1625,-24,123.2,1.39E-05,1000,0,2.98,0,467.6216275,73.61387445
290,1625,-21,122.85,1.41E-05,1000,0,2.2,14.73182923,429.2804127,58.9006329
291,1625,-18,122.5,1.44E-05,1000,0,2.47,14.72416473,392.2265383,28.94511464
292,1625,-15,121.9,1.44E-05,1000,0,3.47,21.89903653,364.0361967,64.45288334
293,1625,-12,121.3,1.45E-05,1000,0,3.79,21.89518532,346.1856433,83.68715953
294,1625,-9,121,1.46E-05,999,17.5,5.06,11.51478947,333.3557909,244.1341979
295,1625,-6,120.7,1.47E-05,998,35,6.09,11.51107688,323.7196399,123.4868622
296,1625,-3,120.3,1.53E-05,996,40,6.16,22.08122433,282.2633578,12.35715688
297,1625,0,119.9,1.59E-05,994,45,6.72,22.06495468,251.5582174,28.60954106
298,1625,3,119.3,1.62E-05,993,47.5,6.63,24.37433411,262.8314695,300.0376642
299,1625,6,118.7,1.66E-05,992,50,5.44,24.35093981,292.3300148,129.3207735
300,1625,9,118.2,1.70E-05,993,47.5,4.9,21.1801774,325.1279602,119.667035
301,1625,12,117.7,1.73E-05,994,45,4.76,21.16070095,365.8761282,70.73902917
302,1625,15,117.55,1.77E-05,994,45,4.98,10.70830638,375.7082613,55.42408066
303,1625,18,117.4,1.80E-05,994,45,4.29,10.70536455,387.8848065,58.10336008
304,1625,21,117.35,1.83E-05,994,45,3.07,9.420243963,391.4133598,2.205471752
305,1625,24,117.3,1.86E-05,994,45,2.92,9.419918613,396.8967109,2.535615835
306,1416,-24,123.7,2.13E-05,990,45,2.02,0,392.9397038,71.49128452
307,1416,-21,123.15,2.17E-05,990,45,2.83,24.45860007,386.3919355,303.9352521
308,1416,-18,122.6,2.22E-05,990,45,3.67,24.42443292,393.9491031,1187.517303
309,1416,-15,121.75,2.27E-05,987.5,45,3.55,33.41751161,407.2478874,2020.662147
310,1416,-12,120.9,2.32E-05,985,45,4.78,33.35529999,443.5557816,956.4980947
311,1416,-9,120.3,2.29E-05,985,45,6.02,23.06707348,421.9238865,457.3144394
312,1416,-6,119.7,2.26E-05,985,45,6.98,23.09487728,411.00956,291.7101182
313,1416,-3,119.95,2.24E-05,985,45,7.69,10.42471234,387.078174,149.5377103
314,1416,0,120.2,2.22E-05,985,45,8.46,10.43100846,364.23452,0.563607772
315,1416,3,120,2.32E-05,985,45,6.57,30.42013188,455.4174962,97.48379096
316,1416,6,119.8,2.42E-05,985,45,5.61,30.41318306,546.5561747,101.5418437
317,1416,9,119.65,2.46E-05,985,45,4.67,13.96823524,587.9348756,2.358164921
318,1416,12,119.5,2.50E-05,985,45,4.5,13.96405209,629.3535355,0.020266732
319,1416,15,119.6,2.53E-05,985,45,5.34,9.881960053,653.8479892,28.8538492
320,1416,18,119.7,2.56E-05,985,45,6.09,9.880050951,678.7683787,62.97259513
321,1416,21,119.85,2.58E-05,985,45,5.57,7.608554229,692.2489461,30.30512463
322,1416,24,120,2.59E-05,985,45,3.42,7.605034996,706.220728,1.410696614
323,1119,-24,126.6,2.21E-05,945,87.5,2.78,0,687.7362099,17.45511712
324,1119,-21,125.8,2.20E-05,940,90,2.94,28.5364533,609.8162889,1.042632883
325,1119,-18,124.95,2.16E-05,940,90,2.77,32.78664277,513.9600912,15.84746452
326,1119,-15,124.1,2.11E-05,940,90,2.06,32.83856569,418.5612714,26.21343957
327,1119,-12,123.4,2.11E-05,937.5,92.5,2.84,24.92809465,358.4292168,62.15633795
328,1119,-9,122.7,2.10E-05,935,95,2.88,24.93463732,304.7854104,85.02367253
329,1119,-6,122,2.09E-05,942.5,90,2.83,25.1525209,256.6578468,121.0736967
330,1119,-3,121.3,2.08E-05,950,85,3.96,25.16536731,224.0671429,249.3661641
331,1119,0,120.5,2.07E-05,957.5,80,6.27,28.70213411,216.5929191,376.6909497
332,1119,3,119.7,2.05E-05,965,75,8.03,28.71668189,241.7968322,309.9186721
333,1119,6,119.25,2.05E-05,965,72.5,7.35,16.01855147,271.910365,224.9219635
334,1119,9,118.8,2.05E-05,965,70,5.45,16.01855147,306.6324787,154.8346992
335,1119,12,118.2,2.06E-05,967.5,67.5,4.93,21.43253344,360.8179359,185.4023625
336,1119,15,117.6,2.07E-05,970,65,4.92,21.42704427,417.8333593,181.9865523
337,1119,18,117.1,2.08E-05,972.5,62.5,4.56,18.16074217,469.6588165,103.4392267
338,1119,21,116.6,2.09E-05,975,60,3.34,18.15166111,521.9366463,22.54995035
339,1119,24,116.1,2.11E-05,977.5,57.5,4.14,19.23204746,579.0749075,21.73749627
340,1723,-24,125.9,1.41E-05,1006,0,3.43,0,656.5610348,30.23750341
341,1723,-21,125.3,1.42E-05,1007,0,5.22,22.14339227,597.1441558,14.02758917
342,1723,-18,124.7,1.44E-05,1008,0,6.02,22.13585386,539.4446846,104.5262232
343,1723,-15,123.95,1.46E-05,1007,0,5.16,27.8250536,468.6396053,31.16783151
344,1723,-12,123.2,1.47E-05,1006,0,4.36,27.81067105,402.8566874,4.73807868
345,1723,-9,122.75,1.49E-05,1007,0,3.44,16.75832193,365.9606124,9.30495521
346,1723,-6,122.3,1.50E-05,1008,0,3.78,16.7524869,332.630778,18.99399958
347,1723,-3,121.65,1.50E-05,1007,0,4.18,23.60087642,308.7549817,120.1286344
348,1723,0,121,1.50E-05,1006,0,4.52,23.60087642,300.0701044,457.9920198
349,1723,3,120.25,1.51E-05,1005,0,5.26,27.28949899,305.1204162,192.9407749
350,1723,6,119.5,1.51E-05,1004,0,5.19,27.28447172,330.9835544,35.86858885
351,1723,9,119.05,1.52E-05,1003,0,5.04,16.7406716,348.4892654,108.9359808
352,1723,12,118.6,1.54E-05,1002,0,4.17,16.73469136,371.9580108,11.83586672
353,1723,15,118.15,1.56E-05,1001,17.5,3.53,17.22927488,396.7625442,3.393040699
354,1723,18,117.7,1.57E-05,1000,35,3.24,17.220377,426.3344186,24.44275193
355,1723,21,117.25,1.60E-05,998,37.5,2.99,17.89048341,457.0740472,2.215136559
356,1723,24,116.8,1.62E-05,996,40,2.69,17.87874209,491.6349247,9.696188818
357,2021,-24,126.85,1.48E-05,1007,0,2.09,0,713.6387235,0.257498725
358,2021,-21,125.9,1.54E-05,1006,0,2.08,38.26471387,597.8998794,48.61218537
359,2021,-18,124.8,1.59E-05,1005,0,2.76,42.49301852,470.6221864,129.0488413
360,2021,-15,123.7,1.64E-05,1004,0,3.64,42.43389516,344.3672112,251.433415
361,2021,-12,123.15,1.64E-05,1004,0,3.59,19.8855029,294.9159196,64.5840318
362,2021,-9,122.6,1.64E-05,1004,0,2.74,19.8855029,249.959639,21.52668547
363,2021,-6,122.05,1.62E-05,1005,0,2.63,20.2344285,221.7799598,38.39105357
364,2021,-3,121.5,1.61E-05,1006,0,3.3,20.24221514,207.9432731,38.81362586
365,2021,0,120.75,1.60E-05,1005,0,3.51,27.20658351,207.2891289,69.72553128
366,2021,3,120,1.60E-05,1004,0,4.09,27.21192053,236.6937891,61.42205738
367,2021,6,119.1,1.60E-05,1003,0,4.25,32.57880261,293.9831153,180.9096667
368,2021,9,118.2,1.60E-05,1002,0,5.16,32.57880261,368.6909346,109.4842211
369,2021,12,116.8,1.61E-05,1000,17.5,4.85,50.79298292,496.1740726,24.12116021
370,2021,15,115.4,1.62E-05,998,35,4.73,50.7728726,634.5572219,45.65422829
371,2021,18,114.2,1.62E-05,997,37.5,4.28,43.45200176,761.385701,16.26071121
372,2021,21,113,1.61E-05,996,40,2.58,43.46061927,889.3203759,366.74939
373,2021,24,112.5,1.59E-05,994,42.5,1.58,18.93402109,946.4890477,2329.716456
374,2019,-24,126.5,1.78E-05,915,115,5.18,0,597.157736,205.708196
375,2019,-21,125.75,1.76E-05,910,117.5,4.66,27.99824502,519.3297144,707.1300174
376,2019,-18,125,1.73E-05,905,120,3.49,28.02074245,443.4217316,717.7265912
377,2019,-15,124.3,1.72E-05,925,110,3.11,25.8435226,374.1974372,973.6337715
378,2019,-12,123.6,1.70E-05,945,100,3.1,25.85910696,308.717621,218.0790785
379,2019,-9,122.75,1.71E-05,962.5,80,3.42,30.87850137,221.3652813,170.2691739
380,2019,-6,121.9,1.72E-05,980,60,3.55,30.86560522,141.1397032,17.33520092
381,2019,-3,121.6,1.76E-05,988,52.5,3.7,15.48570202,94.59507883,45.85505761
382,2019,0,121.3,1.80E-05,996,45,6.55,15.47583335,48.11154677,919.5115013
383,2019,3,120.4,1.81E-05,998,40,6.99,32.55746542,66.7387273,18.03017054
384,2019,6,119.5,1.82E-05,1000,35,6.29,32.54301625,160.160134,426.5042821
385,2019,9,118.95,1.84E-05,1000,35,6.12,20.50984161,218.9276821,136.9323078
386,2019,12,118.4,1.86E-05,1000,35,3.19,20.49677414,278.7606877,82.03719076
387,2019,15,118,1.88E-05,1000,35,4.84,15.37620605,323.0273971,303.9327105
388,2019,18,117.6,1.89E-05,1000,35,3.68,15.36682054,367.6453466,220.4529199
389,2019,21,117.2,1.89E-05,1000,35,3.19,14.33012289,410.2020306,143.7772244
390,2019,24,116.8,1.89E-05,1000,35,2.99,14.33012289,452.8406503,96.7327628
391,1315,-24,128.1,1.70E-05,1002,0,2.37,0,780.1395449,48.71030407
392,1315,-21,127.55,1.78E-05,1002,0,2.59,31.13990869,710.7305477,5.166501514
393,1315,-18,127,1.86E-05,1002,0,1.77,31.10350711,648.037834,1.920489603
394,1315,-15,126.55,1.89E-05,1002,0,0.89,19.57156522,600.9284819,10.35956169
395,1315,-12,126.1,1.93E-05,1002,0,0.79,19.55268312,556.3099679,10.69857013
396,1315,-9,125.7,1.97E-05,1001,17.5,1.75,18.09205938,520.0080986,0.123847501
397,1315,-6,125.3,2.00E-05,1000,35,2.76,18.07536348,487.3092944,22.87937583
398,1315,-3,124.75,2.06E-05,999,35,3.77,25.69462365,451.4127088,101.3927467
399,1315,0,124.2,2.11E-05,998,35,4.08,25.65976188,427.0610652,102.7785358
400,1315,3,124,2.16E-05,997,37.5,3.46,14.76048525,434.9128808,37.84700276
401,1315,6,123.8,2.20E-05,996,40,3.34,14.75410507,447.1427151,40.44328718
402,1315,9,123.9,2.25E-05,996,40,3.3,15.21258902,487.2973895,36.55426162
403,1315,12,124,2.30E-05,996,40,2.22,15.21091491,528.2809338,0.851640782
404,1315,15,123.95,2.36E-05,996,40,2.31,18.58067493,570.0929374,3.234951267
405,1315,18,123.9,2.42E-05,996,40,2.36,18.58050932,614.1463306,7.76846319
406,1315,21,123.7,2.45E-05,994,42.5,2.96,13.11496223,633.2522205,10.6016862
407,1315,24,123.5,2.49E-05,992,45,4.13,13.10804351,654.2358103,0.342223544
408,1223,-24,125.6,1.31E-05,997,35,2.86,0,687.9329488,6.813147253
409,1223,-21,124.9,1.36E-05,996,35,3.37,29.49352041,601.4207746,98.39062301
410,1223,-18,124.4,1.40E-05,997,35,5.06,21.32102154,539.0513554,185.289778
411,1223,-15,123.9,1.44E-05,998,35,5.43,21.30487964,477.2711612,198.12981
412,1223,-12,123.1,1.47E-05,997,37.5,5.17,30.50870585,400.9579871,312.6736075
413,1223,-9,122.3,1.50E-05,996,40,4.87,30.48353444,332.630778,406.3734413
414,1223,-6,121.6,1.56E-05,997,40,4.54,30.34555812,258.9984508,214.8031157
415,1223,-3,120.9,1.61E-05,998,40,4.76,30.30853301,200.4010868,32.53883734
416,1223,0,120.25,1.69E-05,998,40,5.47,32.29604578,155.3788395,56.57848278
417,1223,3,119.6,1.76E-05,998,40,6.17,32.25286202,163.6593653,544.416695
418,1223,6,118.6,1.78E-05,998,40,7.15,36.72554721,260.9661473,4474.510994
419,1223,9,117.6,1.81E-05,998,40,7.58,36.69421917,365.3795259,5205.292499
420,1223,12,117.2,1.81E-05,997,40,7.14,14.37629124,408.4341373,508.5659081
421,1223,15,116.8,1.81E-05,996,40,6.17,14.37629124,451.5029242,0.696293559
422,1223,18,116.2,1.82E-05,993,42.5,5.58,21.86982763,515.5250931,8.993050684
423,1223,21,115.6,1.83E-05,990,45,5.16,21.86020808,579.7971016,36.82304128
424,1223,24,115.2,1.85E-05,985,50,4.25,15.38857894,622.6702077,336.6636598
425,1626,-24,125.55,1.70E-05,920,102.5,4.35,0,509.3918794,18.45949603
426,1626,-21,125.1,1.70E-05,925,100,4.08,16.23655866,462.2608738,53.75134222
427,1626,-18,124.55,1.70E-05,925,100,4.88,19.84468281,405.163758,133.8504889
428,1626,-15,124,1.70E-05,925,100,5.74,19.84468281,348.882261,225.2647741
429,1626,-12,123.4,1.70E-05,937.5,92.5,5.21,21.64874488,288.9748133,268.4582452
430,1626,-9,122.8,1.70E-05,950,85,4.49,21.64874488,231.7974981,275.8229161
431,1626,-6,122.1,1.70E-05,950,85,4.77,25.31920481,168.2801236,372.2328265
432,1626,-3,121.4,1.71E-05,950,85,4.82,25.31389884,120.2531524,385.9471182
433,1626,0,120.55,1.74E-05,960,77.5,5.11,31.98924432,95.84606188,263.6652857
434,1626,3,119.7,1.77E-05,970,70,5.43,31.95744778,149.3127163,251.2793995
435,1626,6,119.05,1.79E-05,970,70,6.77,24.02652456,212.1462588,284.1433506
436,1626,9,118.4,1.81E-05,970,70,8.56,24.01132934,279.3390471,191.5008282
437,1626,12,117.7,1.83E-05,972.5,67.5,6.23,26.20189421,353.574948,232.070316
438,1626,15,117,1.86E-05,975,65,4.32,26.17983543,429.1398177,111.7276961
439,1626,18,116.65,1.87E-05,977.5,62.5,3.19,13.08434831,467.1974568,49.48720625
440,1626,21,116.3,1.88E-05,980,60,2.47,13.07874246,505.3722656,12.73848826
441,1626,24,116.15,1.86E-05,982.5,55,2.19,7.728613701,520.6666089,3.826898323
442,1928,-24,125.6,1.64E-05,955,85,3.26,0,531.5679544,24.58172465
443,1928,-21,125.15,1.63E-05,952.5,87.5,3.96,16.3779826,487.9955877,84.48798377
444,1928,-18,124.7,1.62E-05,950,90,4.47,16.38122082,445.5417394,117.0123369
445,1928,-15,124.1,1.64E-05,950,90,3.54,22.38730685,379.5529042,74.28481226
446,1928,-12,123.5,1.66E-05,950,90,3.09,22.37448983,314.2292045,120.0836187
447,1928,-9,122.85,1.66E-05,955,85,4.69,23.48196667,255.4540692,334.1373511
448,1928,-6,122.2,1.66E-05,960,80,6.61,23.48196667,204.2028885,610.6391052
449,1928,-3,121.5,1.67E-05,967.5,75,7.19,25.35063788,160.4027631,751.1791861
450,1928,0,120.8,1.67E-05,975,70,8.46,25.345447,146.0617496,52.56796065
451,1928,3,120.25,1.68E-05,977.5,67.5,11.16,19.94302748,160.183397,2141.959474
452,1928,6,119.7,1.69E-05,980,65,13.38,19.93892564,192.7033878,6228.643063
453,1928,9,119.15,1.70E-05,982.5,62.5,10.43,20.60170385,230.2184934,7897.441347
454,1928,12,118.6,1.72E-05,985,60,7.45,20.58958901,276.4888269,800.3643
455,1928,15,118.1,1.74E-05,988.5,55,6.03,18.84893932,322.5631409,3.666765778
456,1928,18,117.6,1.76E-05,992,50,5.26,18.83777526,371.4225514,20.01936435
457,1928,21,117.2,1.77E-05,992,50,4.44,14.86305376,412.1629422,58.11694393
458,1928,24,116.8,1.78E-05,992,50,3.32,14.85692283,453.558631,16.49229057
459,1720,-24,124.6,2.33E-05,998,0,0.72,0,593.4268109,28.40669689
460,1720,-21,123.95,2.32E-05,997,17.5,1.02,23.1568567,542.8714554,0.722127454
461,1720,-18,123.3,2.31E-05,996,35,1.93,23.17007478,496.8042523,6.522334161
462,1720,-15,122.6,2.29E-05,995,35,2.17,25.27056882,449.491918,6.202114727
463,1720,-12,121.9,2.27E-05,994,35,1.68,25.29136608,410.7047468,14.23715868
464,1720,-9,121.1,2.24E-05,993,35,2.2,30.35018476,365.9858404,41.94657057
465,1720,-6,120.3,2.20E-05,992,35,2.49,30.39425191,340.2641128,67.43534175
466,1720,-3,119.85,2.16E-05,988.5,40,2.14,20.54121353,317.3419406,55.9208096
467,1720,0,119.4,2.11E-05,985,45,2.35,20.56437931,305.4741235,72.88069604
468,1720,3,119.05,2.10E-05,985,45,3.83,12.97163068,319.0321755,123.7096394
469,1720,6,118.7,2.09E-05,985,45,5.46,12.97788868,336.6148571,225.3447018
470,1720,9,118.5,2.09E-05,982.5,47.5,4.97,7.108287493,352.3387728,33.79173083
471,1720,12,118.3,2.09E-05,980,50,3.86,7.108287493,368.6260424,6.952344576
472,1720,15,118.2,2.13E-05,980,50,3.85,11.65133294,398.0146587,88.87957705
473,1720,18,118.1,2.16E-05,980,50,4.01,11.64969444,428.1888818,275.4578662
474,1720,21,118.05,2.20E-05,977.5,52.5,4.28,13.06788879,459.3584181,254.7313223
475,1720,24,118,2.25E-05,975,55,4.35,13.06757369,491.6478433,526.2470332
476,1522,-24,126.4,1.59E-05,1008,0,1.42,0,629.1962256,38.08220389
477,1522,-21,125.8,1.67E-05,1008,0,1.45,32.36801988,543.2353864,1.595854996
478,1522,-18,125.2,1.75E-05,1008,0,1.59,32.32866966,462.4244807,4.58474859
479,1522,-15,124.5,1.78E-05,1007,0,1.83,27.51760504,382.2750395,11.86811694
480,1522,-12,123.8,1.82E-05,1006,0,1.44,27.48680125,303.9047948,43.25481642
481,1522,-9,123.25,1.86E-05,1004,17.5,1.96,23.59589007,245.5382965,96.72590991
482,1522,-6,122.7,1.91E-05,1002,35,1.81,23.56895014,196.0219469,107.2943427
483,1522,-3,122,1.94E-05,1000,37.5,1.47,27.37962951,147.657015,119.4880222
484,1522,0,121.3,1.98E-05,998,40,1.37,27.34613544,136.9991531,58.38939433
485,1522,3,120.7,2.02E-05,998,40,1.14,24.09805163,168.7180354,44.86033603
486,1522,6,120.1,2.05E-05,998,40,0.44,24.06914905,220.4369013,1671.095778
487,1522,9,119.5,2.06E-05,997,42.5,1.25,21.43253344,258.8446176,1607.977784
488,1522,12,118.9,2.07E-05,996,45,4.65,21.42704427,306.0328195,0.00118456
489,1522,15,118.35,2.09E-05,993,47.5,4.44,20.90104173,364.5054958,42.79243279
490,1522,18,117.8,2.11E-05,990,50,5.15,20.88180276,424.0240002,155.4723358
491,1522,21,117.2,2.16E-05,987.5,52.5,5.08,25.89991357,501.0985439,170.4269034
492,1522,24,116.6,2.21E-05,985,55,3.71,25.86168168,577.9434416,62.83892981
493,1506,-24,126.85,1.76E-05,955,85,1.51,0,637.3341105,10.19790874
494,1506,-21,126.4,1.80E-05,955,85,1.75,19.62018196,585.3940203,0.527182341
495,1506,-18,125.8,1.83E-05,950,87.5,1.86,24.23488218,518.9971944,6.737957405
496,1506,-15,125.2,1.87E-05,945,90,1.76,24.20854462,454.9219411,10.30614683
497,1506,-12,124.9,1.90E-05,945,90,2.73,14.17657456,425.3047773,33.10942863
498,1506,-9,124.6,1.93E-05,945,90,2.42,14.16692311,398.1883372,28.7286457
499,1506,-6,124.25,1.97E-05,940,95,1.93,17.99625161,372.4870746,19.92533928
500,1506,-3,123.9,2.02E-05,935,100,1.06,17.98124041,353.4709617,2.312540093
501,1506,0,123.6,2.07E-05,927.5,105,3.9,19.77298325,353.0719791,66.90436957
502,1506,3,123.3,2.13E-05,920,110,3.15,19.75958207,362.7323336,18.41078437
503,1506,6,122.95,2.17E-05,920,110,2.65,19.30144499,374.119788,0.143197426
504,1506,9,122.6,2.22E-05,920,110,2.62,19.28400764,393.9491031,1.085573257
505,1506,12,122.5,2.27E-05,922.5,107.5,3.52,15.21175595,430.1406682,12.92332278
506,1506,15,122.4,2.32E-05,925,105,5,15.21006594,468.0194748,46.57971392
507,1506,18,122.25,2.38E-05,927.5,102.5,5.17,19.23092193,516.4866194,39.26871102
508,1506,21,122.1,2.44E-05,930,100,3.36,19.22685356,566.7311682,0.052225713
509,1506,24,122.05,2.50E-05,937.5,95,2.26,18.58027138,620.1108788,20.73706481
510,1524,-24,124.5,1.98E-05,940,90,1.74,0,399.4890051,13.07219936
511,1524,-21,124.15,1.98E-05,935,92.5,2.45,12.49658866,364.3409654,2.629910509
512,1524,-18,123.8,1.98E-05,930,95,3.04,12.49658866,329.7092325,19.83056946
513,1524,-15,123.45,1.99E-05,930,95,3.73,12.6296634,298.2480939,36.06583878
514,1524,-12,123.1,1.99E-05,930,95,4.8,12.62659708,268.4890438,54.50925604
515,1524,-9,122.6,2.00E-05,927.5,97.5,5.77,18.21411828,232.298806,114.6380147
516,1524,-6,122.1,2.02E-05,925,100,5.61,18.20535459,204.5669123,1.140699617
517,1524,-3,121.85,2.01E-05,932.5,95,6.45,9.104871529,185.3703832,397.8383273
518,1524,0,121.6,2.00E-05,940,90,7.92,9.107059142,168.4159258,171.8804055
519,1524,3,121.5,2.01E-05,945,85,10.15,4.017136523,169.7407186,751.0195334
520,1524,6,121.4,2.02E-05,950,80,11.28,4.016341939,171.9056983,863.3306688
521,1524,9,121.35,2.03E-05,955,75,13.2,4.105876364,181.4065102,532.2599058
522,1524,12,121.3,2.04E-05,960,70,12.86,4.105493778,191.2313183,140.8001918
523,1524,15,120.95,2.08E-05,965,65,12.25,17.95703169,227.0625975,108.882251
524,1524,18,120.6,2.13E-05,970,60,10.58,17.94123411,268.9767075,776.6771598
525,1524,21,120.4,2.14E-05,975,55,9.38,7.999910724,283.8226528,544.5164846
526,1524,24,120.2,2.15E-05,980,50,9.15,7.996530074,299.8474605,443.5900535
527,1714,-24,126,1.92E-05,1006,0,1.5,0,544.2862703,2.643477248
528,1714,-21,125.45,1.91E-05,1003,17.5,1.39,20.03898051,484.4867085,7.657185035
529,1714,-18,124.9,1.89E-05,1000,35,1.65,20.04812768,424.6485759,38.93443859
530,1714,-15,124.4,1.89E-05,998,37.5,1.88,18.01207305,370.733124,66.35064966
531,1714,-12,123.9,1.88E-05,996,40,1.77,18.01624789,316.8000123,90.87124712
532,1714,-9,123.45,1.91E-05,996,40,2.05,17.73093247,273.2242291,126.0296046
533,1714,-6,123,1.93E-05,996,40,2.65,17.7169746,233.8703094,185.2983892
534,1714,-3,122.6,1.97E-05,995,42.5,3.63,18.09205938,211.7692169,162.2391728
535,1714,0,122.2,2.00E-05,994,45,4.32,18.07536348,202.4230296,106.7276165
536,1714,3,121.7,2.05E-05,996,42.5,4.26,22.01306021,208.3619595,35.49371502
537,1714,6,121.2,2.09E-05,998,40,3.86,21.98708295,233.7423245,0.357190225
538,1714,9,120.35,2.12E-05,997,40,3.49,31.55599626,268.8953857,7.675735859
539,1714,12,119.5,2.15E-05,996,40,2.98,31.51738637,328.3797579,11.4932853
540,1714,15,118.8,2.19E-05,995,40,2.38,27.94592675,400.6564377,0.978582174
541,1714,18,118.1,2.24E-05,994,40,2.07,27.9031983,476.4522694,7.164425119
542,1714,21,117.45,2.30E-05,993,42.5,2.66,30.61816982,566.8327692,26.72645658
543,1714,24,116.8,2.37E-05,992,45,2.84,30.56293552,657.1082851,3.020949479
544,1622,-24,127.5,2.00E-05,900,115,0.53,0,714.4451093,252.8699465
545,1622,-21,126.75,2.01E-05,900,115,0.56,26.80896469,637.5603928,119.2632799
546,1622,-18,126,2.02E-05,900,115,0.25,26.80225619,561.7566833,93.41939382
547,1622,-15,125.35,2.05E-05,900,115,0.89,25.66163697,507.2297618,31.414382
548,1622,-12,124.7,2.09E-05,900,115,2.53,25.62925249,459.6034979,0.106082011
549,1622,-9,123.9,2.13E-05,907.5,107.5,3.71,30.48024924,408.8703615,38.75644596
550,1622,-6,123.1,2.16E-05,915,100,5.3,30.43760731,374.39514,149.7006427
551,1622,-3,122.3,2.19E-05,927.5,95,5.15,29.26206887,350.5090535,156.8580527
552,1622,0,121.5,2.21E-05,940,90,5.41,29.23176886,347.9349719,176.5995296
553,1622,3,120.8,2.25E-05,942.5,85,5.79,27.8846419,382.9081663,171.0100548
554,1622,6,120.1,2.30E-05,945,80,5.85,27.84077541,431.4543983,118.1415501
555,1622,9,119.45,2.33E-05,947.5,77.5,5.83,25.39910627,482.4275781,59.15463391
556,1622,12,118.8,2.37E-05,950,75,5.32,25.36246385,539.2353577,47.94888529
557,1622,15,118.1,2.42E-05,955,72.5,4.89,28.62219358,612.2902203,47.48777062
558,1622,18,117.4,2.46E-05,960,70,4.79,28.57025645,687.987778,19.83496084
559,1622,21,117,2.51E-05,960,70,3.84,20.32337634,747.5459079,4.584099571
560,1622,24,116.6,2.56E-05,960,70,2.18,20.29880289,807.0866596,60.70500081
561,1621,-24,125,1.78E-05,975,60,1.96,0,436.6081251,13.37786169
562,1621,-21,124.6,1.80E-05,970,65,3.2,15.41582713,391.710563,79.46618193
563,1621,-18,124.25,1.82E-05,962.5,72.5,3.81,14.58853925,352.3726751,78.46394435
564,1621,-15,123.9,1.85E-05,955,80,3.57,14.57871292,314.3561255,86.63682986
565,1621,-12,123.45,1.87E-05,952.5,82.5,3.88,17.7515394,267.4989257,32.78679827
566,1621,-9,123,1.89E-05,950,85,4.86,17.73784547,223.735473,104.0470347
567,1621,-6,122.4,1.94E-05,942.5,90,5.17,25.0624051,178.7511443,17.98105918
568,1621,-3,121.8,1.98E-05,935,95,6.03,25.03111906,159.0073049,423.9027067
569,1621,0,120.8,2.00E-05,950,85,7.5,36.42823657,156.120602,294.8200836
570,1621,3,119.8,2.03E-05,965,75,9.55,36.39307583,217.5625468,482.213622
571,1621,6,119.1,2.05E-05,965,72.5,8.63,25.99289279,283.0514714,0.696626548
572,1621,9,118.4,2.08E-05,965,70,6.48,25.9682213,353.4683492,238.1316196
573,1621,12,117.8,2.09E-05,967.5,67.5,4.85,21.64333885,411.3643036,103.2458558
574,1621,15,117.2,2.10E-05,970,65,4.47,21.63230709,471.000637,18.02297354
575,1621,18,116.35,2.10E-05,970,65,2.87,30.19435705,550.5163091,7.034285937
576,1621,21,115.5,2.10E-05,970,65,2.15,30.19435705,633.012953,17.05582085
577,1621,24,114.9,2.11E-05,970,62.5,2.17,21.62121155,696.1282512,27.69393335
578,1924,-24,116.6,1.66E-05,994,40,2.72,0,499.8429087,16.8335085
579,1924,-21,116.7,1.67E-05,993,42.5,2.02,4.057831664,487.7287378,3.024898169
580,1924,-18,116.8,1.67E-05,992,45,1.34,4.057170943,475.6259503,0.228192984
581,1924,-15,116.85,1.67E-05,991,47.5,1.19,2.58491724,472.2925467,0.026096479
582,1924,-12,116.9,1.66E-05,990,50,1.9,2.585174302,469.0591032,0.300922726
583,1924,-9,116.95,1.65E-05,987.5,52.5,2.28,4.116658919,467.9613228,2.38949931
584,1924,-6,117,1.64E-05,985,55,2.14,4.116971333,467.1780829,1.067114274
585,1924,-3,117.1,1.62E-05,982.5,57.5,2.43,5.173394355,461.7562683,24.34181924
586,1924,0,117.2,1.61E-05,980,60,2.6,5.174394726,456.7804825,53.21028211
587,1924,3,117.1,1.60E-05,980,60,2.24,5.175387643,471.5785023,34.13447724
588,1924,6,117,1.59E-05,980,60,1.67,5.176373099,486.4356216,27.42244601
589,1924,9,117.05,1.58E-05,980,60,2.19,2.588431514,484.2712914,37.81928552
590,1924,12,117.1,1.57E-05,980,60,2.77,2.588675543,482.2182794,62.45647894
591,1924,15,116.75,1.58E-05,977.5,62.5,2.66,12.81115673,513.2617639,71.03240665
592,1924,18,116.4,1.59E-05,975,65,2.78,12.80871541,545.222496,55.7986015
593,1924,21,116.05,1.58E-05,975,65,3.46,12.81115673,582.3916648,77.79519544
594,1924,24,115.7,1.57E-05,975,65,3.04,12.81358852,619.7403015,48.63030308
595,1308,-24,126.2,1.78E-05,1008,0,2.9,0,564.8789782,15.55275002
596,1308,-21,125.9,1.81E-05,1007,0,2.38,13.07616224,530.7318992,18.76895172
597,1308,-18,125.6,1.83E-05,1006,0,1.53,13.06816484,497.452225,8.152897189
598,1308,-15,125.3,1.85E-05,1006,0,1.29,11.38522552,465.0438977,6.152015936
599,1308,-12,125,1.86E-05,1006,0,1.65,11.38055083,432.9664427,15.09436701
600,1308,-9,124.7,1.91E-05,1005,0,1.7,18.2847184,404.8209602,22.83623316
601,1308,-6,124.4,1.96E-05,1004,0,1.71,18.27274529,382.7520465,24.59827086
602,1308,-3,124.1,2.00E-05,1004,0,2.11,18.2604848,367.8320951,3.531319136
603,1308,0,123.8,2.05E-05,1004,0,2.33,18.24793872,360.9237492,150.2618877
604,1308,3,123.5,2.10E-05,1004,0,3.16,18.23510892,362.4589059,77.92317643
605,1308,6,123.2,2.15E-05,1004,0,2.93,18.22199731,372.3058484,0.587067255
606,1308,9,122.65,2.24E-05,1003,17.5,2.76,33.86383741,411.1883688,3.248183764
607,1308,12,122.1,2.33E-05,1002,35,2.45,33.81635096,469.6027946,0.800336202
608,1308,15,121.5,2.37E-05,1002,35,2.01,23.79748439,490.9064463,12.02257696
609,1308,18,120.9,2.40E-05,1002,35,1.33,23.76372025,521.2447063,44.07862657
610,1308,21,120.45,2.43E-05,1002,35,0.99,17.39254334,546.2368661,11.6488785
611,1308,24,120,2.45E-05,1002,35,0.97,17.37487396,574.8677709,10.13004375
612,1913,-24,129.1,1.59E-05,1004,0,1.43,0,909.5149699,158.9926955
613,1913,-21,128.4,1.66E-05,1003,0,1.93,33.6456915,818.8897922,12.79831096
614,1913,-18,127.7,1.73E-05,1002,0,1.83,33.59822697,731.6980355,3.301215454
615,1913,-15,127.3,1.77E-05,1002,0,1.51,18.17603075,684.396278,28.46091542
616,1913,-12,126.9,1.81E-05,1002,0,1.37,18.16094065,638.4723596,45.59432886
617,1913,-9,126.5,1.86E-05,1001,17.5,1.84,20.61192829,594.2576862,14.15626813
618,1913,-6,126.1,1.91E-05,1000,35,1.62,20.5933907,553.7417846,30.03349803
619,1913,-3,125.55,2.00E-05,1000,35,1.44,33.98184714,511.2119931,14.49144281
620,1913,0,125,2.09E-05,1000,35,0.71,33.93908063,487.461375,17.06424136
621,1913,3,124.65,2.17E-05,999,37.5,2.41,27.05288676,494.7129343,0.000173027
622,1913,6,124.3,2.25E-05,998,40,4.78,27.03289068,515.1853285,40.27681035
623,1913,9,124.15,2.30E-05,996,42.5,3.83,17.46477098,542.2866001,6.702110164
624,1913,12,124,2.36E-05,994,45,2.77,17.46079908,572.9969626,0.110492579
625,1913,15,123.95,2.40E-05,993,47.5,3.05,14.90151792,607.3263046,3.327228093
626,1913,18,123.9,2.45E-05,992,50,3.4,14.90122789,642.9529757,0.003970059
627,1913,21,123.95,2.51E-05,991,52.5,3.42,16.73945478,689.2563001,0.108713394
628,1913,24,124,2.56E-05,990,55,2.87,16.73921349,736.0438483,13.36998291
629,2001,-24,124.4,1.55E-05,975,70,3.36,0,451.1755967,3.774042721
630,2001,-21,124,1.57E-05,977.5,67.5,3.36,16.26980844,402.5995118,36.82473071
631,2001,-18,123.6,1.60E-05,980,65,2.39,16.25975985,354.2083693,3.378877761
632,2001,-15,123.15,1.64E-05,980,65,2.74,19.69376008,294.9159196,19.18611848
633,2001,-12,122.7,1.67E-05,980,65,2.79,19.67737974,235.7457574,82.02123857
634,2001,-9,122.3,1.72E-05,986,57.5,2.83,19.38135159,177.5755296,190.2286539
635,2001,-6,121.9,1.76E-05,992,50,2.87,19.3653162,119.678222,191.2050684
636,2001,-3,121.6,1.81E-05,993,47.5,4,19.83114659,68.76076721,266.3709242
637,2001,0,121.3,1.87E-05,994,45,5.35,19.81929678,47.39515683,272.1394552
638,2001,3,120.95,1.95E-05,997,40,5.82,27.10479647,105.0151681,569.3209395
639,2001,6,120.6,2.03E-05,1000,35,6.91,27.08664533,181.7463583,16499.65933
640,2001,9,120.3,2.10E-05,1000,35,5.01,22.9691308,248.9910133,3426.031386
641,2001,12,120,2.16E-05,1000,35,1.5,22.95495411,316.8676423,80.64969056
642,2001,15,119.8,2.21E-05,1000,35,2.91,16.39966327,365.7342029,12.52498806
643,2001,18,119.6,2.26E-05,1000,35,1.64,16.39298823,414.6226091,77.32077115
644,2001,21,119.55,2.31E-05,1001,17.5,2.13,14.90208283,458.0436733,7.16326371
645,2001,24,119.5,2.36E-05,1002,0,1.59,14.90180292,501.6759712,0.826778792
646,1717,-24,129.8,2.04E-05,1008,0,1.89,0,960.7501063,113.8950514
647,1717,-21,128.95,2.03E-05,1007,0,1.73,30.51322383,869.9688178,25.51888647
648,1717,-18,128.1,2.02E-05,1006,0,1.55,30.52842147,779.1609279,10.13074121
649,1717,-15,127.75,2.03E-05,1006,0,1.52,13.64736879,745.9941051,21.16566703
650,1717,-12,127.4,2.05E-05,1006,0,1.32,13.6386486,713.7463607,19.6111415
651,1717,-9,126.55,2.05E-05,1005,0,1.04,30.32148854,625.5007763,1.583053236
652,1717,-6,125.7,2.04E-05,1004,0,0.73,30.32921064,538.0581355,0.053362737
653,1717,-3,125.35,2.06E-05,1004,0,0.31,13.6357248,509.3257258,14.05565496
654,1717,0,125,2.08E-05,1004,0,0.75,13.62690226,482.4632395,2.299092547
655,1717,3,124.95,2.13E-05,1004,0,0.96,16.74099353,501.9917926,3.578348352
656,1717,6,124.9,2.19E-05,1004,0,1.33,16.74078392,525.6333933,11.27809691
657,1717,9,124.55,2.28E-05,1004,0,1.76,30.36367964,553.1629677,5.411723009
658,1717,12,124.2,2.37E-05,1004,0,1.62,30.34234246,593.9096133,21.0257423
659,1717,15,123.45,2.42E-05,1004,0,2.6,30.13371675,591.9939887,1.876966544
660,1717,18,122.7,2.46E-05,1004,0,4.09,30.07706786,604.092592,14.24942209
661,1717,21,121.9,2.49E-05,1002,17.5,4.12,29.37994908,612.0029727,26.25144802
662,1717,24,121.1,2.52E-05,1000,35,2.2,29.33757954,632.3035479,0.024739086
663,1002,-24,126.5,1.80E-05,975,65,0.55,0,596.1634288,37.40654403
664,1002,-21,125.65,1.80E-05,975,65,1,30.56326237,504.6474551,0.033533602
665,1002,-18,124.8,1.80E-05,975,65,1.32,30.56326237,413.2085527,9.240346073
666,1002,-15,124.15,1.80E-05,975,65,1.37,23.43977846,342.798101,26.78036402
667,1002,-12,123.5,1.81E-05,975,65,1.5,23.43456943,272.4187649,63.4448472
668,1002,-9,122.9,1.81E-05,975,65,1.53,21.63878089,207.4419271,214.3709694
669,1002,-6,122.3,1.82E-05,975,65,0.85,21.63394249,142.4941158,2363.580526
670,1002,-3,121.6,1.81E-05,977.5,62.5,0.14,25.42898061,70.36124185,1393.324747
671,1002,0,120.9,1.80E-05,980,60,1.45,25.44009545,34.90191072,200.3502874
672,1002,3,120.25,1.82E-05,982.5,57.5,2.39,24.49485337,79.75457764,262.3900011
673,1002,6,119.6,1.85E-05,985,55,1.81,24.47463588,149.2086308,681.4065261
674,1002,9,118.95,1.88E-05,987.5,52.5,1.13,25.80531368,222.8856786,894.1772015
675,1002,12,118.3,1.92E-05,990,50,2.36,25.7755628,298.1699256,249.080412
676,1002,15,118,1.96E-05,991,47.5,3.94,16.8084752,340.0849456,0.02638565
677,1002,18,117.7,2.00E-05,992,45,4.2,16.79676302,383.8596655,76.96738095
678,1002,21,116.9,2.01E-05,992,45,3.83,28.58798668,465.2563859,5.813497828
679,1002,24,116.1,2.02E-05,992,45,2.67,28.58082886,547.9181936,38.44505747
680,1203,-24,126.3,1.80E-05,1000,0,1.04,0,574.625273,37.47268542
681,1203,-21,125.9,1.83E-05,999,0,1.29,18.15071212,529.7696794,16.79349241
682,1203,-18,125.5,1.87E-05,998,0,0.75,18.13511732,487.1163319,25.7210003
683,1203,-15,125.3,1.90E-05,998,0,0.42,11.69755959,467.8869694,18.48085534
684,1203,-12,125.1,1.93E-05,998,0,1.56,11.69239196,450.6704155,8.128098223
685,1203,-9,124.95,1.97E-05,997,17.5,3.37,12.32327162,442.2615304,0.958723287
686,1203,-6,124.8,2.00E-05,996,35,2.87,12.3199054,436.9117428,1.067844505
687,1203,-3,124.55,2.04E-05,993,40,3.07,14.22789078,425.1249264,6.681206054
688,1203,0,124.3,2.08E-05,990,45,3.76,14.21937021,417.5310919,13.99754528
689,1203,3,124.3,2.11E-05,987.5,47.5,3.92,9.248138421,432.5099549,0.696291549
690,1203,6,124.3,2.14E-05,985,50,4.39,9.248214318,448.7016356,0.234335141
691,1203,9,124.4,2.17E-05,982.5,52.5,5.39,9.903300906,474.0693267,14.42461606
692,1203,12,124.5,2.20E-05,980,55,6.04,9.901635847,499.869604,35.69271637
693,1203,15,124.6,2.23E-05,980,55,5.42,9.899949775,526.0364011,8.255562998
694,1203,18,124.7,2.26E-05,980,55,4.36,9.89824281,552.5153082,1.38441155
695,1203,21,124.85,2.29E-05,980,55,4.66,10.65111859,582.9525267,0.243566751
696,1203,24,125,2.32E-05,980,55,4.67,10.64737441,613.4788941,1.045050616
697,2022,-24,125.7,1.82E-05,990,55,1.43,0,508.5862366,21.06840057
698,2022,-21,125.15,1.83E-05,982.5,60,1.43,19.8404372,449.1179671,36.75380804
699,2022,-18,124.6,1.83E-05,975,65,1.73,19.83597517,389.7273933,0.054439934
700,2022,-15,124.05,1.82E-05,972.5,67.5,2.24,20.10177415,330.8302991,14.94058656
701,2022,-12,123.5,1.81E-05,970,70,2.6,20.11050887,272.4187649,3.141396846
702,2022,-9,123.15,1.83E-05,967.5,72.5,3.93,14.58364226,233.5264862,159.5556004
703,2022,-6,122.8,1.86E-05,965,75,5.77,14.57375127,196.8459224,283.2050107
704,2022,-3,122.05,1.88E-05,967.5,72.5,7.45,27.45439745,121.0849735,80.61572319
705,2022,0,121.3,1.89E-05,970,70,10.49,27.43590458,64.75949806,2660.657504
706,2022,3,120.45,1.90E-05,977.5,62.5,11.08,30.50045818,83.29872572,788.3982926
707,2022,6,119.6,1.91E-05,985,55,11.91,30.49326662,162.5382448,1884.048704
708,2022,9,119.05,1.91E-05,982.5,57.5,11.18,19.69460987,217.8427704,1233.969843
709,2022,12,118.5,1.91E-05,980,60,8.47,19.69460987,274.7254304,552.9687213
710,2022,15,117.9,1.90E-05,980,60,7.24,21.56955715,336.6771134,177.5882905
711,2022,18,117.3,1.89E-05,980,60,6.42,21.57460775,399.5541546,194.0589857
712,2022,21,116.8,1.90E-05,980,60,5.62,18.00368269,453.4431913,0.4313187
713,2022,24,116.3,1.91E-05,980,60,4.96,17.99946717,507.3129196,9.681999721
714,1604,-24,126.9,1.69E-05,1002,0,2.17,0,654.615652,1.315465511
715,1604,-21,126.5,1.77E-05,1002,0,1.84,29.62527179,598.3545251,2.958486115
716,1604,-18,126.15,1.86E-05,1000,17.5,1.76,28.77704694,556.6153776,12.8560516
717,1604,-15,125.8,1.94E-05,998,35,1.27,28.75946147,526.2835067,11.58099023
718,1604,-12,125.1,2.00E-05,996,37.5,2.24,30.01373865,465.3608261,64.43015315
719,1604,-9,124.4,2.05E-05,994,40,4.37,29.96659795,415.8522405,231.7129714
720,1604,-6,124.1,2.08E-05,992,42.5,4.88,14.11643882,402.6354504,187.9253379
721,1604,-3,123.8,2.11E-05,990,45,4.35,14.10589972,393.6903201,108.468475
722,1604,0,123.45,2.15E-05,987.5,47.5,3.63,16.64582661,389.6900555,67.66269741
723,1604,3,123.1,2.19E-05,985,50,4.02,16.6307925,392.2194133,111.4016211
724,1604,6,122.7,2.23E-05,980,55,4.1,19.16376022,403.5987572,114.2567746
725,1604,9,122.3,2.27E-05,975,60,4.31,19.14319217,422.7041606,105.4289033
726,1604,12,121.75,2.31E-05,975,60,5.52,22.31028797,439.9028317,80.55869727
727,1604,15,121.2,2.34E-05,975,60,5.51,22.28070967,466.2364505,563.7110904
728,1604,18,120.65,2.39E-05,977.5,57.5,5.05,23.22391275,505.7303245,95.66364429
729,1604,21,120.1,2.43E-05,980,55,4.17,23.18976846,551.2038727,35.50689619
730,1604,24,119.5,2.46E-05,980,55,3.74,23.70634784,597.2078888,34.10291822
731,1415,-24,127,1.90E-05,977.5,57.5,2.36,0,649.4465848,6.920195222
732,1415,-21,126.6,1.93E-05,975,60,2.72,17.03781861,609.3503637,2.9510969
733,1415,-18,126.15,1.96E-05,972.5,62.5,2.74,17.7028411,564.9975087,3.986336985
734,1415,-15,125.7,1.98E-05,970,65,2.46,17.68853223,522.4740597,8.802776414
735,1415,-12,125.1,2.02E-05,970,65,1.62,24.09805163,470.6573378,28.74229485
736,1415,-9,124.5,2.05E-05,970,65,1.96,24.06914905,425.2558843,112.4719189
737,1415,-6,123.95,2.09E-05,970,65,3.07,22.47833023,392.7215542,249.1977356
738,1415,-3,123.4,2.13E-05,970,65,5.12,22.45145247,370.0560495,15.77923695
739,1415,0,122.55,2.17E-05,970,65,6.31,33.53809139,352.1470145,18.26066232
740,1415,3,121.7,2.22E-05,970,65,7.75,33.4784437,362.7417557,4.176934523
741,1415,6,120.65,2.23E-05,972.5,62.5,7.76,37.13238602,361.939099,1.237277549
742,1415,9,119.6,2.24E-05,975,60,7.07,37.12196294,393.9899749,0.000101699
743,1415,12,118.9,2.24E-05,972.5,62.5,6.8,24.77939124,431.8611506,1.145793364
744,1415,15,118.2,2.25E-05,970,65,6.28,24.7724159,478.3255386,0.984087585
745,1415,18,117.25,2.28E-05,970,65,5.9,35.26051161,569.0649889,11.23734566
746,1415,21,116.3,2.32E-05,970,65,4.83,35.2051088,663.8512871,2.058877849
747,1415,24,115.45,2.34E-05,967.5,67.5,4.93,30.37782316,742.8229236,5.038474873
748,1209,-24,126.8,1.82E-05,1000,35,2.28,0,627.1124574,0.600412425
749,1209,-21,126.55,1.87E-05,998,37.5,2.4,17.3000411,599.8631884,5.612066811
750,1209,-18,126.3,1.92E-05,996,40,1.51,17.29145448,576.1908157,0.088391402
751,1209,-15,126.15,1.95E-05,996,40,1.9,10.68993477,564.0709142,10.90401175
752,1209,-12,126,1.98E-05,996,40,1.97,10.68670605,553.6145407,112.0624031
753,1209,-9,125.75,2.00E-05,993,42.5,1.71,11.5867417,533.1848469,264.7295115
754,1209,-6,125.5,2.03E-05,990,45,1.02,11.57986174,514.3960286,391.6897463
755,1209,-3,125.2,2.08E-05,987.5,50,2.01,18.24155917,501.5137302,159.6937729
756,1209,0,124.9,2.13E-05,985,55,3.14,18.22858822,494.6120429,18.80226491
757,1209,3,124.8,2.16E-05,985,55,2.36,9.903961021,500.9547713,25.60908597
758,1209,6,124.7,2.19E-05,985,55,2.7,9.902304398,508.9966037,10.56130489
759,1209,9,124.55,2.23E-05,985,55,4.09,13.98983431,522.188097,13.74632977
760,1209,12,124.4,2.27E-05,985,55,5.31,13.9859985,538.4166899,93.24788574
761,1209,15,124.65,2.31E-05,985,55,5.82,15.65249608,584.4738412,226.6115261
762,1209,18,124.9,2.36E-05,985,55,5.49,15.64241597,630.5244987,77.18257181
763,1209,21,125.05,2.39E-05,982.5,55,5,12.28046852,665.6184963,131.6979401
764,1209,24,125.2,2.43E-05,980,55,6,12.27644907,700.8165066,256.7132713
765,1104,-24,127.4,1.56E-05,1006,0,1.84,0,739.3859627,12.3982
766,1104,-21,127.05,1.62E-05,1006,0,2.01,22.41196535,685.0353931,0.376536769
767,1104,-18,126.7,1.69E-05,1006,0,1.76,22.39761025,633.4293206,0.027226014
768,1104,-15,126.15,1.75E-05,1005,0,1.47,27.10211992,563.8717033,18.47709032
769,1104,-12,125.6,1.81E-05,1004,0,1.31,27.07048715,498.4166534,17.23666806
770,1104,-9,125.25,1.86E-05,1004,0,0.51,19.40585858,459.8410943,16.63837196
771,1104,-6,124.9,1.91E-05,1004,0,1.7,19.39081569,426.0319491,2.671187718
772,1104,-3,124.7,1.95E-05,1003,0,2.23,14.78982318,412.298234,0.000371404
773,1104,0,124.5,1.99E-05,1002,0,1.77,14.78400932,403.1369652,0.378551578
774,1104,3,124.35,2.04E-05,1002,0,1.66,15.73161649,406.0739253,1.255981779
775,1104,6,124.2,2.09E-05,1002,0,2.68,15.72805044,414.5007176,0.039451837
776,1104,9,123.95,2.14E-05,1002,0,2.36,18.859733,423.6503131,37.6816742
777,1104,12,123.7,2.20E-05,1002,0,2.47,18.84973844,440.1182165,68.86956931
778,1104,15,123.15,2.27E-05,1003,0,3.47,28.10846113,455.4592853,1.297708032
779,1104,18,122.6,2.33E-05,1004,0,4.57,28.06606247,485.5247519,29.01871555
780,1104,21,121.8,2.37E-05,1003,0,4.72,30.18254413,495.4069929,20.43305765
781,1104,24,121,2.40E-05,1002,0,4.02,30.13517892,521.1765123,9.610222279
782,2018,-24,126.9,1.69E-05,993,47.5,1.24,0,654.615652,1466.292831
783,2018,-21,126.4,1.69E-05,992,50,1.34,18.04815257,601.7127689,568.7274907
784,2018,-18,125.55,1.69E-05,988.5,55,1.54,30.68185937,512.3735261,26.46006109
785,2018,-15,124.7,1.69E-05,985,60,1.45,30.68185937,424.1930942,45.45753709
786,2018,-12,123.95,1.68E-05,980,65,2.06,27.14093224,350.2816263,67.31421522
787,2018,-9,123.2,1.67E-05,975,70,2.57,27.1465164,280.4827455,4.630873853
788,2018,-6,122.5,1.66E-05,975,70,2.79,25.55735202,226.5798095,14.1134137
789,2018,-3,121.8,1.65E-05,975,70,3.58,25.56755566,189.0036103,0.001479494
790,2018,0,121.1,1.65E-05,975,70,5.06,25.36096204,161.8706424,5.806044241
791,2018,3,120.4,1.66E-05,975,70,6.73,25.35580956,168.1089496,1111.732446
792,2018,6,119.6,1.67E-05,975,67.5,9.56,29.12484084,208.2454841,148.6245828
793,2018,9,118.8,1.69E-05,975,65,11.81,29.11297602,271.4725031,978.5762585
794,2018,12,118.15,1.69E-05,970,70,8.27,23.46259834,334.541731,436.8946369
795,2018,15,117.5,1.69E-05,965,75,6.74,23.46259834,400.0598743,13.50204251
796,2018,18,116.75,1.69E-05,960,77.5,5.62,27.07222885,477.383519,1114.221475
797,2018,21,116,1.69E-05,955,80,5.26,27.07222885,555.8187167,1.833020191
798,2018,24,115.2,1.69E-05,952.5,82.5,4.1,28.87704411,640.2478755,1.330147615
799,1329,-24,126.8,2.15E-05,992,50,2.65,0,682.4541811,0.001691508
800,1329,-21,126.1,2.17E-05,991,52.5,2.26,25.40611308,623.3505804,11.79577033
801,1329,-18,125.4,2.19E-05,990,55,1.35,25.38624778,568.5664345,5.082006206
802,1329,-15,124.8,2.19E-05,987.5,57.5,0.74,21.30803987,520.6520459,1.246712035
803,1329,-12,124.2,2.20E-05,985,60,1.49,21.30219566,476.5696921,17.63990896
804,1329,-9,123.65,2.22E-05,982.5,62.5,1.64,20.79251339,453.5940273,24.65536571
805,1329,-6,123.1,2.25E-05,980,65,1.44,20.77207022,438.5256435,20.27876152
806,1329,-3,122.45,2.27E-05,977.5,67.5,1.87,23.58135659,423.0444788,39.24323481
807,1329,0,121.8,2.28E-05,975,70,3.01,23.56217023,419.1791946,88.50922252
808,1329,3,121.2,2.30E-05,975,70,3.48,21.44714988,421.8988676,106.4841198
809,1329,6,120.6,2.31E-05,975,70,2.34,21.43503895,434.2495148,45.91917876
810,1329,9,119.95,2.33E-05,975,70,2.23,24.01423531,467.4190708,34.29390186
811,1329,12,119.3,2.36E-05,975,70,2.01,23.9884409,508.6241984,16.78447238
812,1329,15,118.75,2.37E-05,975,70,1.99,19.64811884,541.4979469,7.844362858
813,1329,18,118.2,2.38E-05,975,70,2.06,19.63670342,578.4676407,4.498226389
814,1329,21,117.75,2.40E-05,975,70,3.33,16.71254635,617.4593326,13.90303025
815,1329,24,117.3,2.42E-05,975,70,2.96,16.69891152,657.8725498,0.771291345
816,1905,-24,127.5,2.13E-05,998,0,0.1,0,743.0527652,197.424213
817,1905,-21,126.75,2.13E-05,998,0,0.41,26.61383962,669.1078,32.4275139
818,1905,-18,126,2.13E-05,998,0,1.35,26.61383962,596.6845235,1.499923254
819,1905,-15,125.45,2.13E-05,996,17.5,1.95,19.5990752,547.5120693,0.42348909
820,1905,-12,124.9,2.14E-05,994,35,2.22,19.59386945,500.4798047,5.518390164
821,1905,-9,124.4,2.14E-05,994,35,3.16,17.82452616,460.4260207,15.91452013
822,1905,-6,123.9,2.15E-05,994,35,3.76,17.81977131,423.3964394,8.622807352
823,1905,-3,123.65,2.16E-05,994,35,3.19,9.050386341,408.2377548,3.796205256
824,1905,0,123.4,2.16E-05,994,35,2.73,9.048033735,394.3883951,0.859698898
825,1905,3,123.45,2.21E-05,994,35,3.11,14.90262716,431.8973334,0.073261781
826,1905,6,123.5,2.26E-05,994,35,4.53,14.90235759,470.6346666,8.474649546
827,1905,9,123.6,2.31E-05,994,35,4.28,17.01524025,517.7848561,9.11436022
828,1905,12,123.7,2.37E-05,994,35,4.89,17.01356603,565.5525935,65.9433385
829,1905,15,123.9,2.46E-05,993,35,6.08,28.61285895,647.795727,94.8457006
830,1905,18,124.1,2.55E-05,992,35,6.98,28.60548454,730.6899515,64.10277577
831,1905,21,124.1,2.63E-05,992,35,7.03,25.89886431,800.4243322,17.12732989
832,1905,24,124.1,2.71E-05,992,35,5.08,25.89959218,871.499174,17.68665424
833,1208,-24,126.2,1.92E-05,1004,0,1.81,0,565.5520917,0.131985537
834,1208,-21,125.9,1.93E-05,1004,0,2.95,11.35185759,535.1284763,18.34458858
835,1208,-18,125.6,1.94E-05,1004,0,3.51,11.34696804,505.2318008,12.23255368
836,1208,-15,125.25,1.96E-05,1004,0,3.42,13.68147985,471.9680393,6.047934023
837,1208,-12,124.9,1.98E-05,1004,0,3.39,13.67306772,440.1316771,16.48898424
838,1208,-9,124.6,2.00E-05,1004,0,3.69,13.00923989,416.9694888,59.929598
839,1208,-6,124.3,2.03E-05,1004,0,3.43,13.00040407,396.4263551,54.97206317
840,1208,-3,123.85,2.08E-05,1003,0,3.23,23.08761217,380.9123537,40.9559156
841,1208,0,123.4,2.14E-05,1002,0,3.33,23.06142615,378.0154443,39.29008156
842,1208,3,123.05,2.22E-05,1002,0,4.38,28.69651205,416.926501,0.447767894
843,1208,6,122.7,2.31E-05,1002,0,5.49,28.6758182,468.8602448,4.637734218
844,1208,9,121.6,2.34E-05,1001,0,4.82,39.74214258,464.7068721,2.865285324
845,1208,12,120.5,2.37E-05,1000,0,3.72,39.68613052,490.50458,0.302613359
846,1208,15,119.55,2.35E-05,1000,0,3.47,33.81895814,494.7874138,0.215936142
847,1208,18,118.6,2.33E-05,1000,0,3.24,33.84825392,519.3547451,0.111703657
848,1208,21,118.1,2.33E-05,999,0,2.84,17.57382763,546.8041033,8.258946708
849,1208,24,117.6,2.33E-05,998,0,3.4,17.57382763,577.7709002,14.21137384
850,2015,-24,124.8,1.73E-05,1004,0,1.27,0,422.2653043,740.0602289
851,2015,-21,124.55,1.73E-05,1005,0,1.59,9.008847794,395.8904045,660.4264989
852,2015,-18,124.3,1.73E-05,1006,0,1.6,9.008847794,369.6096667,164.9154152
853,2015,-15,124.1,1.73E-05,1006,0,1.79,7.44208942,350.1977455,21.72010914
854,2015,-12,123.9,1.72E-05,1006,0,1.1,7.443577184,331.1342884,28.16614602
855,2015,-9,123.25,1.69E-05,1007,0,1.11,25.21458028,276.9243353,10.35918482
856,2015,-6,122.6,1.66E-05,1008,0,1.04,25.23712459,234.5664963,20.18105851
857,2015,-3,121.9,1.64E-05,1007,0,2.14,25.90484812,199.1219007,1.716357888
858,2015,0,121.2,1.62E-05,1006,0,2.91,25.91975747,190.5774233,0.958612043
859,2015,3,120.15,1.62E-05,1007,0,3.02,38.03104227,214.5880085,47.61281199
860,2015,6,119.1,1.61E-05,1008,0,2.37,38.03858048,286.0543756,70.95769438
861,2015,9,118.55,1.60E-05,1007,0,2.97,19.99107497,334.766906,206.7541018
862,2015,12,118,1.60E-05,1006,0,2.2,19.99498094,386.6898323,1494.837911
863,2015,15,117.4,1.60E-05,1006,0,1.61,21.7935346,440.0049723,1675.687907
864,2015,18,116.8,1.61E-05,1006,0,1.37,21.78925412,496.1740726,760.7789293
865,2015,21,116.25,1.64E-05,1005,0,1.85,21.21694758,543.2759493,557.325957
866,2015,24,115.7,1.66E-05,1004,0,1.7,21.2018285,593.3025643,252.2748057
867,1101,-24,125.05,1.69E-05,996,35,3.42,0,460.3194491,72.95248305
868,1101,-21,124.7,1.70E-05,996,35,2.12,13.15899415,420.668698,81.43172571
869,1101,-18,124.45,1.73E-05,996,35,1.84,12.91147854,386.7659887,57.29699846
870,1101,-15,124.2,1.76E-05,996,35,1.77,12.90475168,353.9714663,18.82528677
871,1101,-12,123.95,1.79E-05,995,35,2.41,12.89790991,322.6119882,23.21827003
872,1101,-9,123.7,1.82E-05,994,35,3.09,12.89095356,293.1355152,0.147504048
873,1101,-6,123.4,1.86E-05,993,37.5,3.86,15.45894622,261.1243987,693.3309521
874,1101,-3,123.1,1.89E-05,992,40,4.69,15.4485515,234.1679396,1124.487296
875,1101,0,123,1.93E-05,992,40,5.43,9.915851342,231.8805275,414.9142809
876,1101,3,122.9,1.96E-05,992,40,6.11,9.91435843,233.4376407,40.55033709
877,1101,6,122.7,2.00E-05,992,40,5.99,14.78316911,236.8771846,1.85226552
878,1101,9,122.5,2.04E-05,992,40,6.32,14.77722039,248.425772,1.272428725
879,1101,12,122.4,2.10E-05,994,37.5,6.11,17.02158747,282.0448504,10.97898205
880,1101,15,122.3,2.15E-05,996,35,5.98,17.02005389,320.3556914,39.86321109
881,1101,18,122.3,2.20E-05,996,35,6.5,14.79739048,360.6829337,98.23507656
882,1101,21,122.3,2.25E-05,996,35,6.51,14.79759299,401.8679689,97.1912627
883,1101,24,122.25,2.32E-05,996,35,5.98,22.26639754,463.2041511,62.49691573
884,1013,-24,124.65,2.23E-05,890,122.5,1.27,0,529.9097284,77.36108168
885,1013,-21,124.2,2.20E-05,885,125,1.59,18.40818008,476.5696921,17.21825002
886,1013,-18,123.75,2.19E-05,885,125,2.08,16.02779235,439.5230135,4.582234727
887,1013,-15,123.3,2.19E-05,885,125,2.64,16.03215053,404.7656539,0.000221785
888,1013,-12,122.6,2.16E-05,897.5,115,2.77,25.87960198,345.0691481,17.58271532
889,1013,-9,121.9,2.14E-05,910,105,3.03,25.9052814,293.6904786,58.63805453
890,1013,-6,121.35,2.12E-05,925,97.5,3.74,20.29530461,263.2617601,19.41806699
891,1013,-3,120.8,2.10E-05,940,90,5.52,20.31021644,244.4566897,5.64086269
892,1013,0,120.25,2.08E-05,945,87.5,5.67,20.3250004,240.0912156,1.53081821
893,1013,3,119.7,2.07E-05,950,85,5.86,20.33965637,250.9843316,2.825753386
894,1013,6,119.45,2.07E-05,950,82.5,6.63,8.894610387,266.4748546,25.9442471
895,1013,9,119.2,2.07E-05,950,80,6.13,8.894610387,283.634651,1.911733142
896,1013,12,118.9,2.07E-05,950,80,5.95,10.82988341,309.8326614,29.07641019
897,1013,15,118.6,2.08E-05,950,80,5.94,10.82715339,337.1057483,13.48715404
898,1013,18,118.25,2.08E-05,950,80,5.2,12.44599778,366.0765597,0.179878029
899,1013,21,117.9,2.08E-05,950,80,5.29,12.44599778,396.4493172,20.62037919
900,1013,24,117.75,2.10E-05,950,80,5,7.69394962,418.8277029,16.91428027
901,1912,-24,128.85,1.70E-05,1002,0,1.89,0,860.4092559,95.22657488
902,1912,-21,128.2,1.70E-05,1002,0,1.25,23.45280695,790.8314027,74.72822368
903,1912,-18,127.35,1.75E-05,1002,0,1.42,34.84324735,691.7731132,77.13417347
904,1912,-15,126.5,1.81E-05,1002,0,1.53,34.79006681,595.3726247,55.28699845
905,1912,-12,125.35,1.87E-05,1001,0,1.89,45.19530109,471.0177925,5.514601587
906,1912,-9,124.2,1.93E-05,1000,0,2.09,45.10663136,356.4555876,7.754742976
907,1912,-6,123.05,1.97E-05,1001,0,2.9,42.55295152,252.7720037,130.160487
908,1912,-3,121.9,2.00E-05,1002,0,3.28,42.49406926,183.4092569,363.2181127
909,1912,0,120.75,2.01E-05,1001,0,2.96,41.05082068,162.3589745,273.9782505
910,1912,3,119.6,2.02E-05,1000,0,3.02,41.04052005,222.2809637,137.1427596
911,1912,6,118.45,2.04E-05,999,17.5,3.72,41.62010926,329.5684717,242.4459308
912,1912,9,117.3,2.07E-05,998,35,2.85,41.57873195,445.7902196,187.7401687
913,1912,12,116.65,2.07E-05,997,37.5,3.12,23.19386703,510.2266754,120.5166134
914,1912,15,116,2.08E-05,996,40,2.94,23.18788203,575.8037795,78.70205927
915,1912,18,115.25,2.10E-05,995,40,4.18,27.22065119,655.7956834,113.2291508
916,1912,21,114.5,2.11E-05,994,40,5.12,27.20001104,735.9421282,111.1265059
917,1912,24,113.85,2.13E-05,994,40,4.6,23.71741132,806.1289453,39.64604854
918,1108,-24,124.1,1.77E-05,997,17.5,2.55,0,342.2594859,43.75692953
919,1108,-21,123.9,1.76E-05,996,35,3.9,7.434571197,322.2126745,3.34691616
920,1108,-18,123.7,1.77E-05,994,37.5,4.57,8.092543088,298.7156714,1.989691593
921,1108,-15,123.5,1.78E-05,992,40,4.47,8.089731646,275.3935682,0.016340344
922,1108,-12,123.3,1.80E-05,991,42.5,5.87,8.086901008,252.2904193,16.35288886
923,1108,-9,123.1,1.81E-05,990,45,6.27,8.084051188,229.4673997,0.032177844
924,1108,-6,122.9,1.84E-05,990,45,6.21,11.70765807,206.6102791,3.707035839
925,1108,-3,122.7,1.87E-05,990,45,5.14,11.70264839,187.6876383,1.532423431
926,1108,0,122.5,1.91E-05,990,45,5.82,14.79471197,178.0691588,14.168234
927,1108,3,122.3,1.96E-05,990,45,5.36,14.78899988,179.3753656,56.19035363
928,1108,6,121.95,2.01E-05,990,45,4.82,20.80560353,190.9528355,60.58629935
929,1108,9,121.6,2.07E-05,990,45,4.55,20.78865758,220.4808096,20.89927213
930,1108,12,120.85,2.12E-05,990,45,5.78,31.39723966,260.712573,29.7887703
931,1108,15,120.1,2.17E-05,990,45,6.22,31.34266574,324.120013,24.68679271
932,1108,18,119.35,2.20E-05,990,45,5.62,28.08618076,379.7882353,33.13201907
933,1108,21,118.6,2.24E-05,990,45,3.8,28.05120654,444.3758033,9.659441583
934,1108,24,117.7,2.25E-05,990,45,2.93,31.97605584,512.6229877,0.010315264
935,1422,-24,123.1,1.61E-05,975,65,4.39,0,304.8477356,194.6869319
936,1422,-21,122.85,1.64E-05,977.5,62.5,4.77,11.68018488,269.6883448,223.8170795
937,1422,-18,122.6,1.66E-05,980,60,5.27,11.67453051,234.5664963,105.7146255
938,1422,-15,122.3,1.68E-05,982.5,57.5,5.54,12.16952342,199.3539055,36.39365009
939,1422,-12,122,1.70E-05,985,55,6.01,12.16351176,164.7755192,16.08975953
940,1422,-9,121.6,1.71E-05,987.5,50,6.77,14.89307364,129.944387,19.46362616
941,1422,-6,121.2,1.72E-05,990,45,7.96,14.88715437,103.0644993,157.1229691
942,1422,-3,121.1,1.72E-05,990,42.5,8.51,3.605078444,101.142187,1641.86737
943,1422,0,121,1.72E-05,990,40,8.07,3.605078444,100.3550278,1034.157157
944,1422,3,120.8,1.72E-05,992,37.5,7.74,7.210156888,102.253248,693.9575689
945,1422,6,120.6,1.72E-05,994,35,7.99,7.210156888,108.5176315,365.1106763
946,1422,9,120.15,1.72E-05,994,35,8.79,16.3313568,138.9813558,41.57890847
947,1422,12,119.7,1.71E-05,994,35,8.07,16.33476704,177.943262,23.81317353
948,1422,15,119.3,1.71E-05,992,37.5,6.9,14.42642715,213.4134964,106.5190045
949,1422,18,118.9,1.71E-05,990,40,5.61,14.42642715,251.3424533,1.96894931
950,1422,21,118.4,1.72E-05,990,40,4.36,18.12383076,298.7256415,15.08923155
951,1422,24,117.9,1.72E-05,990,40,3.18,18.12002328,348.1203387,111.8708767
952,1206,-24,128.9,1.92E-05,1000,35,1.71,0,853.6653989,57.9241781
953,1206,-21,128.3,1.93E-05,1000,35,1.78,21.54919182,789.9016661,8.929123026
954,1206,-18,127.7,1.93E-05,1000,35,1.75,21.54405978,726.360368,2.228592242
955,1206,-15,127.05,1.95E-05,1000,35,1.59,23.88968666,659.1503604,0.005954146
956,1206,-12,126.4,1.97E-05,1000,35,1.73,23.87315078,593.203959,4.438754062
957,1206,-9,125.75,2.00E-05,1000,35,2.25,24.96659184,531.7216428,17.1664604
958,1206,-6,125.1,2.03E-05,1000,35,2.76,24.93955336,474.4786684,23.03855621
959,1206,-3,124.5,2.07E-05,1000,35,3.02,24.96183136,433.0550851,48.50562004
960,1206,0,123.9,2.11E-05,1000,35,2.17,24.92845377,401.8693758,44.04222592
961,1206,3,123.65,2.18E-05,999,35,2.31,22.18759922,424.2775639,34.13930969
962,1206,6,123.4,2.25E-05,998,35,2.76,22.17714978,455.583349,33.20636193
963,1206,9,123.25,2.34E-05,996,37.5,2.87,28.2423752,518.514877,20.02676717
964,1206,12,123.1,2.43E-05,994,40,3.64,28.2386742,587.0622689,20.55328472
965,1206,15,122.1,2.45E-05,994,40,4.9,35.38346263,572.1552756,87.39840488
966,1206,18,121.1,2.46E-05,994,40,5.65,35.35108677,576.8093612,107.3271784
967,1206,21,120.3,2.48E-05,994,40,5.3,28.1567546,592.1001657,38.20319352
968,1206,24,119.5,2.49E-05,994,40,3.4,28.13923207,618.6247202,0.861061251
