,ID,Name,Timestamp,Latitude,Longitude,Time,Coriolis Parameter,Pressure,Max Wind,Wind at 10m,Translational Velocity,Distance From Manila,Rainfall
0,1002,CONSON,10071218,14.3,126.5,-24,1.79623e-05,975.0,65.0,0.55,0.0,589.806667661,2.76
1,1002,CONSON,10071221,14.3,125.65,-21,1.79623e-05,975.0,65.0,1.0,30.5632623741,498.3439274726,3.9
2,1002,CONSON,10071300,14.3,124.8,-18,1.79623e-05,975.0,65.0,1.32,30.5632623741,406.9833768168,4.41
3,1002,CONSON,10071303,14.35,124.15,-15,1.8023800000000002e-05,975.0,65.0,1.37,23.4397784583,336.5835434388,3.39
4,1002,CONSON,10071306,14.4,123.5,-12,1.80852e-05,975.0,65.0,1.5,23.4345694334,266.2196190435,2.76
5,1002,CONSON,10071309,14.45,122.9,-9,1.81467e-05,975.0,65.0,1.53,21.6387808928,201.2553598313,26.91
6,1002,CONSON,10071312,14.5,122.3,-6,1.82081e-05,975.0,65.0,0.85,21.633942489,136.3306150678,60.6
7,1002,CONSON,10071315,14.4,121.6,-3,1.80852e-05,977.5,62.5,0.14,25.4289806095,65.791447915,49.89
8,1002,CONSON,10071318,14.3,120.9,0,1.79623e-05,980.0,60.0,1.45,25.4400954531,41.1594247063,31.62
9,1002,CONSON,10071321,14.5,120.25,3,1.82081e-05,982.5,57.5,2.39,24.4948533662,87.0116174428,35.25
10,1002,CONSON,10071400,14.7,119.6,6,1.84538e-05,985.0,55.0,1.81,24.4746358826,155.5774277807,41.91
11,1002,CONSON,10071403,15.0,118.95,9,1.88219e-05,987.5,52.5,1.13,25.8053136788,228.5756235875,42.24
12,1002,CONSON,10071406,15.3,118.3,12,1.91894e-05,990.0,50.0,2.36,25.7755628046,303.4739145554,29.79
13,1002,CONSON,10071409,15.65,118.0,15,1.96175e-05,991.0,47.5,3.94,16.8084752012,344.8481077586,15.9
14,1002,CONSON,10071412,16.0,117.7,18,2.0044900000000002e-05,992.0,45.0,4.2,16.7967630194,388.1736915248,6.66
15,1002,CONSON,10071415,16.05,116.9,21,2.01059e-05,992.0,45.0,3.83,28.5879866795,469.9674233794,11.49
16,1002,CONSON,10071418,16.1,116.1,24,2.01669e-05,992.0,45.0,2.67,28.580828862,552.896359562,14.88
17,1003,CHANTHU,10071709,15.65,122.95,-24,1.96175e-05,1008.0,0.0,1.3599999999999999,0.0,232.8703386696,3.51
18,1003,CHANTHU,10071712,15.5,122.8,-21,1.94341e-05,1008.0,0.0,0.64,7.717193626,211.013172573,7.2
19,1003,CHANTHU,10071715,15.4,122.6,-18,1.93118e-05,1008.0,0.0,0.9,8.0545012326,186.9321123099,7.05
20,1003,CHANTHU,10071718,15.3,122.4,-15,1.91894e-05,1008.0,0.0,1.3900000000000001,8.0575420562,162.8327204221,4.8
21,1003,CHANTHU,10071721,15.2,122.25,-12,1.9066900000000002e-05,1008.0,0.0,1.8599999999999999,6.5217701721,143.5451065666,5.01
22,1003,CHANTHU,10071800,15.1,122.1,-9,1.89444e-05,1008.0,0.0,1.48,6.5238550736,124.3121149352,6.8100000000000005
23,1003,CHANTHU,10071803,15.15,121.7,-6,1.90057e-05,1007.0,0.0,1.26,14.4456336479,90.1723175772,9.6
24,1003,CHANTHU,10071806,15.2,121.3,-3,1.9066900000000002e-05,1006.0,0.0,1.05,14.4422713313,67.6053925459,9.54
25,1003,CHANTHU,10071809,15.05,120.6,0,1.8883100000000002e-05,1006.0,0.0,0.62,25.6899624379,65.6431822954,7.83
26,1003,CHANTHU,10071812,14.9,119.9,3,1.8699200000000002e-05,1006.0,0.0,0.56,25.7071140557,126.2823812052,6.09
27,1003,CHANTHU,10071815,14.8,119.4,6,1.85765e-05,1005.0,0.0,1.58,18.3151402785,177.7546605164,9.6
28,1003,CHANTHU,10071818,14.7,118.9,9,1.84538e-05,1004.0,0.0,1.38,18.3232126964,230.9093492074,11.97
29,1003,CHANTHU,10071821,14.65,118.35,12,1.83924e-05,1004.0,0.0,1.48,19.8314981781,290.1133395654,9.42
30,1003,CHANTHU,10071900,14.6,117.8,15,1.8331e-05,1004.0,0.0,2.05,19.8359751708,349.4607272268,8.97
31,1003,CHANTHU,10071903,14.85,117.4,18,1.86379e-05,1003.0,0.0,1.4100000000000001,17.0689724097,392.7357958154,9.33
32,1003,CHANTHU,10071906,15.1,117.0,21,1.89444e-05,1002.0,0.0,1.31,17.0549457995,437.5416072112,6.96
33,1003,CHANTHU,10071909,15.5,116.8,24,1.94341e-05,1001.0,17.5,3.39,16.4339779833,465.0399556997,5.22
34,1013,MEGI,10101715,17.85,124.65,-24,2.22912e-05,890.0,122.5,1.27,0.0,522.1593412097,1.05
35,1013,MEGI,10101718,17.6,124.2,-21,2.1989000000000002e-05,885.0,125.0,1.5899999999999999,18.4081800777,468.8460085425,0.51
36,1013,MEGI,10101721,17.55,123.75,-18,2.1928500000000002e-05,885.0,125.0,2.08,16.0277923472,431.9120485941,0.54
37,1013,MEGI,10101800,17.5,123.3,-15,2.18679e-05,885.0,125.0,2.64,16.0321505323,397.3324755428,0.84
38,1013,MEGI,10101803,17.3,122.6,-12,2.1625700000000002e-05,897.5,115.0,2.77,25.8796019793,338.0390198386,0.9
39,1013,MEGI,10101806,17.1,121.9,-9,2.1383200000000002e-05,910.0,105.0,3.03,25.905281396,287.4296998351,0.63
40,1013,MEGI,10101809,16.95,121.35,-6,2.12012e-05,925.0,97.5,3.74,20.2953046064,258.0294100998,7.47
41,1013,MEGI,10101812,16.8,120.8,-3,2.1019e-05,940.0,90.0,5.52,20.3102164382,240.7169152571,16.5
42,1013,MEGI,10101815,16.65,120.25,0,2.08367e-05,945.0,87.5,5.67,20.3250004021,238.2119063064,18.75
43,1013,MEGI,10101818,16.5,119.7,3,2.06542e-05,950.0,85.0,5.86,20.339656372,251.0223280282,22.47
44,1013,MEGI,10101821,16.5,119.45,6,2.06542e-05,950.0,82.5,6.63,8.8946103873,267.1670634498,26.04
45,1013,MEGI,10101900,16.5,119.2,9,2.06542e-05,950.0,80.0,6.13,8.8946103873,284.9005512578,20.25
46,1013,MEGI,10101903,16.55,118.9,12,2.0715e-05,950.0,80.0,5.95,10.8298834057,311.5867531234,12.45
47,1013,MEGI,10101906,16.6,118.6,15,2.0775800000000002e-05,950.0,80.0,5.94,10.8271533941,339.2641886186,13.32
48,1013,MEGI,10101909,16.6,118.25,18,2.0775800000000002e-05,950.0,80.0,5.2,12.4459977839,368.7301009752,14.73
49,1013,MEGI,10101912,16.6,117.9,21,2.0775800000000002e-05,950.0,80.0,5.29,12.4459977839,399.5145010465,18.27
50,1013,MEGI,10101915,16.75,117.75,24,2.0958200000000002e-05,950.0,80.0,5.0,7.6939496195,421.7981048797,15.63
51,1101,AERE,11050715,13.4,125.05,-24,1.68532e-05,996.0,35.0,3.42,0.0,455.2567193474,1.83
52,1101,AERE,11050718,13.5,124.7,-21,1.69766e-05,996.0,35.0,2.12,13.1589941463,415.6189084365,0.15
53,1101,AERE,11050721,13.75,124.45,-18,1.7285e-05,996.0,35.0,1.8399999999999999,12.9114785447,381.4355020568,1.38
54,1101,AERE,11050800,14.0,124.2,-15,1.75931e-05,996.0,35.0,1.77,12.9047516835,348.3213098719,4.98
55,1101,AERE,11050803,14.25,123.95,-12,1.79008e-05,995.0,35.0,2.41,12.8979099079,316.6004584859,6.72
56,1101,AERE,11050806,14.5,123.7,-9,1.82081e-05,994.0,35.0,3.09,12.8909535566,286.722446664,13.44
57,1101,AERE,11050809,14.8,123.4,-6,1.85765e-05,993.0,37.5,3.86,15.4589462165,254.1930235128,43.17
58,1101,AERE,11050812,15.1,123.1,-3,1.89444e-05,992.0,40.0,4.69,15.4485515025,226.7319431,53.16
59,1101,AERE,11050815,15.35,123.0,0,1.92506e-05,992.0,40.0,5.43,9.9158513422,224.1595290983,41.1
60,1101,AERE,11050818,15.6,122.9,3,1.95564e-05,992.0,40.0,6.11,9.9143584296,225.5606915318,28.65
61,1101,AERE,11050821,15.95,122.7,6,1.99839e-05,992.0,40.0,5.99,14.7831691101,229.0123010276,23.49
62,1101,AERE,11050900,16.3,122.5,9,2.04107e-05,992.0,40.0,6.32,14.7772203874,240.833380426,23.58
63,1101,AERE,11050903,16.75,122.4,12,2.0958200000000002e-05,994.0,37.5,6.11,17.0215874694,274.858782517,17.64
64,1101,AERE,11050906,17.2,122.3,15,2.15045e-05,996.0,35.0,5.98,17.0200538862,313.5879312856,13.02
65,1101,AERE,11050909,17.6,122.3,18,2.1989000000000002e-05,996.0,35.0,6.5,14.7973904753,354.1487376382,9.15
66,1101,AERE,11050912,18.0,122.3,21,2.24723e-05,996.0,35.0,6.51,14.7975929949,395.5334068536,7.74
67,1101,AERE,11050915,18.6,122.25,24,2.31954e-05,996.0,35.0,5.98,22.2663975408,457.1707485408,7.05
68,1108,NOCK-TEN,11072521,14.05,124.1,-24,1.7654600000000002e-05,997.0,17.5,2.55,0.0,336.5566943252,16.92
69,1108,NOCK-TEN,11072600,14.0,123.9,-21,1.75931e-05,996.0,35.0,3.9,7.4345711966,316.6756185874,17.94
70,1108,NOCK-TEN,11072603,14.1,123.7,-18,1.77162e-05,994.0,37.5,4.57,8.0925430883,293.0645504158,19.77
71,1108,NOCK-TEN,11072606,14.2,123.5,-15,1.78393e-05,992.0,40.0,4.47,8.089731646,269.6112987998,18.48
72,1108,NOCK-TEN,11072609,14.3,123.3,-12,1.79623e-05,991.0,42.5,5.87,8.0869010077,246.356368792,18.6
73,1108,NOCK-TEN,11072612,14.4,123.1,-9,1.80852e-05,990.0,45.0,6.27,8.0840511878,223.3565988669,24.33
74,1108,NOCK-TEN,11072615,14.65,122.9,-6,1.83924e-05,990.0,45.0,6.21,11.7076580702,199.9254469854,26.64
75,1108,NOCK-TEN,11072618,14.9,122.7,-3,1.8699200000000002e-05,990.0,45.0,5.14,11.7026483887,180.4364357015,23.13
76,1108,NOCK-TEN,11072621,15.25,122.5,0,1.91282e-05,990.0,45.0,5.82,14.7947119714,170.268252353,27.87
77,1108,NOCK-TEN,11072700,15.6,122.3,3,1.95564e-05,990.0,45.0,5.36,14.7889998816,171.4888043095,29.91
78,1108,NOCK-TEN,11072703,16.05,121.95,6,2.01059e-05,990.0,45.0,4.82,20.8056035326,183.7387435787,28.83
79,1108,NOCK-TEN,11072706,16.5,121.6,9,2.06542e-05,990.0,45.0,4.55,20.7886575796,214.4025444099,23.79
80,1108,NOCK-TEN,11072709,16.95,120.85,12,2.12012e-05,990.0,45.0,5.78,31.3972396562,256.789413745,17.43
81,1108,NOCK-TEN,11072712,17.4,120.1,15,2.17469e-05,990.0,45.0,6.22,31.3426657377,321.9108045685,17.49
82,1108,NOCK-TEN,11072715,17.65,119.35,18,2.20494e-05,990.0,45.0,5.62,28.0861807576,378.9509041181,13.23
83,1108,NOCK-TEN,11072718,17.9,118.6,21,2.23516e-05,990.0,45.0,3.8,28.0512065442,444.5453714231,9.09
84,1108,NOCK-TEN,11072721,18.0,117.7,24,2.24723e-05,990.0,45.0,2.93,31.9760558449,513.8803547603,8.58
85,1117,NESAT,11092600,15.1,126.0,-24,1.89444e-05,965.0,70.0,2.63,0.0,535.0852708139,3.54
86,1117,NESAT,11092603,15.25,125.5,-21,1.91282e-05,965.0,70.0,3.48,18.740193163,483.3126811123,5.52
87,1117,NESAT,11092606,15.4,125.0,-18,1.93118e-05,965.0,70.0,4.08,18.7279391711,432.8179805681,7.62
88,1117,NESAT,11092609,15.6,124.5,-15,1.95564e-05,962.5,72.5,5.29,19.3407134781,385.4793223275,6.72
89,1117,NESAT,11092612,15.8,124.0,-12,1.9800800000000002e-05,960.0,75.0,6.87,19.3245399091,341.6755935239,6.8100000000000005
90,1117,NESAT,11092615,16.0,123.45,-9,2.0044900000000002e-05,955.0,77.5,6.62,20.9666431589,298.261412722,10.68
91,1117,NESAT,11092618,16.2,122.9,-6,2.02888e-05,950.0,80.0,7.14,20.9481757508,263.0784823935,21.09
92,1117,NESAT,11092621,16.25,122.2,-3,2.03497e-05,955.0,77.5,8.46,25.005359855,216.9140471405,33.36
93,1117,NESAT,11092700,16.3,121.5,0,2.04107e-05,960.0,75.0,9.04,24.9990250794,190.175550104,41.07
94,1117,NESAT,11092703,16.4,120.85,3,2.05325e-05,965.0,70.0,9.45,23.4317490883,196.0128548445,38.73
95,1117,NESAT,11092706,16.5,120.2,6,2.06542e-05,970.0,65.0,10.28,23.4199798417,224.8384064038,33.12
96,1117,NESAT,11092709,16.7,119.65,9,2.08974e-05,970.0,65.0,11.21,20.9010417259,272.3306409069,77.82
97,1117,NESAT,11092712,16.9,119.1,12,2.1140500000000002e-05,970.0,65.0,11.07,20.8818027622,324.9087634834,93.06
98,1117,NESAT,11092715,17.05,118.5,15,2.13226e-05,970.0,65.0,9.47,21.9967734367,380.2742435436,44.52
99,1117,NESAT,11092718,17.2,117.9,18,2.15045e-05,970.0,65.0,7.47,21.9801729196,438.4619981527,11.52
100,1117,NESAT,11092721,17.15,117.25,21,2.14439e-05,970.0,65.0,5.12,23.1208907113,490.1142175093,3.36
101,1117,NESAT,11092800,17.1,116.6,24,2.1383200000000002e-05,970.0,65.0,6.67,23.1270683437,545.7629781596,4.83
102,1119,NALGAE,11093009,17.7,126.6,-24,2.21099e-05,945.0,87.5,2.7800000000000002,0.0,679.9020830423,0.6000000000000001
103,1119,NALGAE,11093012,17.6,125.8,-21,2.1989000000000002e-05,940.0,90.0,2.94,28.5364532985,601.9618195879,0.99
104,1119,NALGAE,11093015,17.25,124.95,-18,2.15651e-05,940.0,90.0,2.77,32.7866427678,506.0958821036,0.81
105,1119,NALGAE,11093018,16.9,124.1,-15,2.1140500000000002e-05,940.0,90.0,2.06,32.8385656868,410.7028881158,0.45
106,1119,NALGAE,11093021,16.85,123.4,-12,2.10797e-05,937.5,92.5,2.84,24.9280946497,350.6827399772,0.36
107,1119,NALGAE,11100100,16.8,122.7,-9,2.1019e-05,935.0,95.0,2.88,24.9346373168,297.364457915,0.45
108,1119,NALGAE,11100103,16.7,122.0,-6,2.08974e-05,942.5,90.0,2.83,25.1525209015,249.9563156088,0.54
109,1119,NALGAE,11100106,16.6,121.3,-3,2.0775800000000002e-05,950.0,85.0,3.96,25.1653673118,218.8298090582,0.54
110,1119,NALGAE,11100109,16.5,120.5,0,2.06542e-05,957.5,80.0,6.27,28.7021341141,214.0339972438,4.89
111,1119,NALGAE,11100112,16.4,119.7,3,2.05325e-05,965.0,75.0,8.03,28.7166818934,242.0407794862,11.91
112,1119,NALGAE,11100115,16.4,119.25,6,2.05325e-05,965.0,72.5,7.35,16.0185514735,273.2846477593,10.17
113,1119,NALGAE,11100118,16.4,118.8,9,2.05325e-05,965.0,70.0,5.45,16.0185514735,308.8752989657,6.36
114,1119,NALGAE,11100121,16.45,118.2,12,2.05933e-05,967.5,67.5,4.93,21.432533438,363.8146855225,3.21
115,1119,NALGAE,11100200,16.5,117.6,15,2.06542e-05,970.0,65.0,4.92,21.4270442734,421.3626171398,2.07
116,1119,NALGAE,11100203,16.6,117.1,18,2.0775800000000002e-05,972.5,62.5,4.5600000000000005,18.1607421658,473.4332393548,2.8200000000000003
117,1119,NALGAE,11100206,16.7,116.6,21,2.08974e-05,975.0,60.0,3.34,18.1516611138,525.9029300722,3.63
118,1119,NALGAE,11100209,16.9,116.1,24,2.1140500000000002e-05,977.5,57.5,4.14,19.2320474615,583.0732049481,4.77
119,1220,GAEMI,12100300,15.4,117.2,-24,1.93118e-05,992.0,45.0,1.48,0.0,420.969417065,12.27
120,1220,GAEMI,12100303,15.35,117.45,-21,1.92506e-05,991.0,47.5,1.34,9.1348945721,393.6618694424,13.29
121,1220,GAEMI,12100306,15.3,117.7,-18,1.91894e-05,990.0,50.0,1.58,9.1369892678,366.3414689149,12.39
122,1220,GAEMI,12100309,15.3,117.85,-15,1.91894e-05,990.0,50.0,2.55,5.3687020332,350.5715877362,12.84
123,1220,GAEMI,12100312,15.3,118.0,-12,1.91894e-05,990.0,50.0,2.77,5.3687020332,334.8337165167,16.65
124,1220,GAEMI,12100315,15.25,118.1,-9,1.91282e-05,991.0,47.5,2.88,4.0295276659,323.2347314393,21.51
125,1220,GAEMI,12100318,15.2,118.2,-6,1.9066900000000002e-05,992.0,45.0,1.98,4.0302819238,311.6623716809,13.86
126,1220,GAEMI,12100321,15.1,118.25,-3,1.89444e-05,992.0,45.0,1.9500000000000002,4.1099430994,304.4971569833,7.83
127,1220,GAEMI,12100400,15.0,118.3,0,1.88219e-05,992.0,45.0,3.49,4.1102998171,297.6593319668,9.96
128,1220,GAEMI,12100403,14.95,118.25,3,1.87605e-05,992.0,45.0,3.91,2.5756288994,302.3842812189,9.6
129,1220,GAEMI,12100406,14.9,118.2,6,1.8699200000000002e-05,992.0,45.0,3.61,2.5759171878,307.2356183419,3.63
130,1220,GAEMI,12100409,14.75,118.1,9,1.8515200000000002e-05,993.0,42.5,3.5700000000000003,6.6077614226,317.1123198343,1.38
131,1220,GAEMI,12100412,14.6,118.0,12,1.8331e-05,994.0,40.0,3.23,6.609078078,327.9179494984,1.32
132,1220,GAEMI,12100415,14.5,117.7,15,1.82081e-05,994.0,40.0,3.04,11.3944825715,360.7150847232,1.8599999999999999
133,1220,GAEMI,12100418,14.4,117.4,18,1.80852e-05,994.0,40.0,2.08,11.3990648919,393.8005886426,1.38
134,1220,GAEMI,12100421,14.45,117.0,21,1.81467e-05,994.0,40.0,2.7800000000000002,14.4915701946,436.4318061619,1.56
135,1220,GAEMI,12100500,14.5,116.6,24,1.82081e-05,994.0,40.0,2.62,14.4883594093,479.1790401689,2.04
136,1223,SON-TINH,12102403,10.4,125.6,-24,1.31277e-05,997.0,35.0,2.86,0.0,685.9925664695,1.9500000000000002
137,1223,SON-TINH,12102406,10.8,124.9,-21,1.36268e-05,996.0,35.0,3.37,29.4935204085,599.7500692003,1.5899999999999999
138,1223,SON-TINH,12102409,11.1,124.4,-18,1.4000600000000001e-05,997.0,35.0,5.06,21.3210215409,537.6095087735,3.18
139,1223,SON-TINH,12102412,11.4,123.9,-15,1.4374000000000002e-05,998.0,35.0,5.43,21.3048796381,476.1166289036,5.25
140,1223,SON-TINH,12102415,11.65,123.1,-12,1.4685000000000001e-05,997.0,37.5,5.17,30.5087058473,400.7508480574,3.96
141,1223,SON-TINH,12102418,11.9,122.3,-9,1.4995600000000001e-05,996.0,40.0,4.87,30.4835344369,333.7779477977,2.37
142,1223,SON-TINH,12102421,12.35,121.6,-6,1.5554e-05,997.0,40.0,4.54,30.345558119,261.5962494423,8.73
143,1223,SON-TINH,12102500,12.8,120.9,-3,1.61115e-05,998.0,40.0,4.76,30.3085330099,205.1682033435,19.77
144,1223,SON-TINH,12102503,13.4,120.25,0,1.68532e-05,998.0,40.0,5.47,32.2960457806,162.5748698114,21.06
145,1223,SON-TINH,12102506,14.0,119.6,3,1.75931e-05,998.0,40.0,6.17,32.2528620222,171.5149633783,53.46
146,1223,SON-TINH,12102509,14.2,118.6,6,1.78393e-05,998.0,40.0,7.15,36.725547206,268.2745012783,98.07
147,1223,SON-TINH,12102512,14.4,117.6,9,1.80852e-05,998.0,40.0,7.58,36.6942191731,372.2899608146,102.06
148,1223,SON-TINH,12102515,14.4,117.2,12,1.80852e-05,997.0,40.0,7.14,14.3762912384,415.3167973741,47.28
149,1223,SON-TINH,12102518,14.4,116.8,15,1.80852e-05,996.0,40.0,6.17,14.3762912384,458.3628136473,19.92
150,1223,SON-TINH,12102521,14.5,116.2,18,1.82081e-05,993.0,42.5,5.58,21.8698276297,522.2666444291,21.18
151,1223,SON-TINH,12102600,14.6,115.6,21,1.8331e-05,990.0,45.0,5.16,21.8602080782,586.4419539899,21.24
152,1223,SON-TINH,12102603,14.75,115.2,24,1.8515200000000002e-05,985.0,50.0,4.25,15.3885789369,629.1913039659,28.62
153,1306,RUMBIA,13062821,11.6,125.6,-24,1.46228e-05,1002.0,35.0,0.84,0.0,600.7591637993,0.27
154,1306,RUMBIA,13062900,11.7,125.0,-21,1.47471e-05,1002.0,35.0,1.29,22.1128459456,540.9921650982,0.63
155,1306,RUMBIA,13062903,12.3,124.55,-18,1.5492e-05,1002.0,35.0,1.74,27.5441582939,461.5876903525,1.38
156,1306,RUMBIA,13062906,12.9,124.1,-15,1.62352e-05,1002.0,35.0,1.8,27.5218510004,383.950803089,2.13
157,1306,RUMBIA,13062909,13.3,123.45,-12,1.67297e-05,1002.0,35.0,2.23,27.746273660900002,300.3080630708,10.77
158,1306,RUMBIA,13062912,13.7,122.8,-9,1.7223400000000002e-05,1002.0,35.0,2.77,27.7131124984,216.896611203,20.49
159,1306,RUMBIA,13062915,13.8,121.95,-6,1.73466e-05,1001.0,35.0,2.79,30.852616486,135.5089052742,22.2
160,1306,RUMBIA,13062918,13.9,121.1,-3,1.74699e-05,1000.0,35.0,2.44,30.8395352086,82.7396445209,22.74
161,1306,RUMBIA,13062921,14.25,120.4,0,1.79008e-05,1000.0,35.0,3.86,28.309115539,82.044075539,35.43
162,1306,RUMBIA,13063000,14.6,119.7,3,1.8331e-05,1000.0,35.0,4.47,28.2740292141,144.8307753195,47.97
163,1306,RUMBIA,13063003,14.95,119.15,6,1.87605e-05,998.0,37.5,3.74,23.5882541582,206.4889005702,59.4
164,1306,RUMBIA,13063006,15.3,118.6,9,1.91894e-05,996.0,40.0,6.04,23.5611429656,272.3131820978,38.91
165,1306,RUMBIA,13063009,15.85,117.9,12,1.98618e-05,995.0,40.0,5.5,32.2223448978,362.2937010675,9.54
166,1306,RUMBIA,13063012,16.4,117.2,15,2.05325e-05,994.0,40.0,4.2,32.168896876,454.399398587,7.11
167,1306,RUMBIA,13063015,16.95,116.4,18,2.12012e-05,992.0,42.5,2.93,34.9323914628,556.7982710913,10.11
168,1306,RUMBIA,13063018,17.5,115.6,21,2.18679e-05,990.0,45.0,1.85,34.8640507202,659.1730504408,7.92
169,1306,RUMBIA,13063021,17.9,114.75,24,2.23516e-05,990.0,45.0,1.76,33.4633309057,758.3511059151,3.0
170,1311,UTOR,13081021,14.35,126.45,-24,1.8023800000000002e-05,952.5,82.5,1.6600000000000001,0.0,583.9590476863,2.22
171,1311,UTOR,13081100,14.5,125.9,-21,1.82081e-05,950.0,85.0,1.3599999999999999,20.5227795154,523.6239624698,1.32
172,1311,UTOR,13081103,14.8,125.35,-18,1.85765e-05,945.0,87.5,1.12,22.6379411816,463.7959325522,1.56
173,1311,UTOR,13081106,15.1,124.8,-15,1.89444e-05,940.0,90.0,1.34,22.613965351,406.8763756125,2.46
174,1311,UTOR,13081109,15.3,124.15,-12,1.91894e-05,932.5,97.5,1.6600000000000001,24.4123702324,341.3974787528,6.45
175,1311,UTOR,13081112,15.5,123.5,-9,1.94341e-05,925.0,105.0,1.17,24.3910783738,280.1048653217,11.34
176,1311,UTOR,13081115,15.8,122.85,-6,1.9800800000000002e-05,930.0,100.0,1.99,25.7247190675,232.170011352,17.1
177,1311,UTOR,13081118,16.1,122.2,-3,2.01669e-05,935.0,95.0,2.64,25.6934596324,203.5108100223,16.92
178,1311,UTOR,13081121,16.4,121.5,0,2.05325e-05,945.0,85.0,3.37,27.2772972005,200.9169437933,13.92
179,1311,UTOR,13081200,16.7,120.8,3,2.08974e-05,955.0,75.0,4.43,27.241955932,229.6878737516,9.15
180,1311,UTOR,13081203,16.95,120.0,6,2.12012e-05,960.0,72.5,4.75,29.8637247965,279.0462708012,9.93
181,1311,UTOR,13081206,17.2,119.2,9,2.15045e-05,965.0,70.0,4.5,29.8275885299,344.8613673284,11.22
182,1311,UTOR,13081209,17.55,118.6,12,2.1928500000000002e-05,965.0,70.0,4.63,24.8647155858,413.8997015493,12.15
183,1311,UTOR,13081212,17.9,118.0,15,2.23516e-05,965.0,70.0,5.87,24.829456468300002,484.3204518527,16.08
184,1311,UTOR,13081215,17.95,117.25,18,2.2412e-05,965.0,70.0,4.25,26.5398124029,544.1149399729,16.47
185,1311,UTOR,13081218,18.0,116.5,21,2.24723e-05,965.0,70.0,4.34,26.5323361027,608.4093830617,11.46
186,1311,UTOR,13081221,18.15,115.85,24,2.2653300000000002e-05,962.5,70.0,3.77,23.5813565939,673.2532878663,9.33
187,1325,NARI,13101015,15.3,125.75,-24,1.91894e-05,977.5,62.5,1.75,0.0,510.5574314156,10.14
188,1325,NARI,13101018,15.3,125.4,-21,1.91894e-05,975.0,65.0,1.27,12.5269714108,473.3913337001,4.74
189,1325,NARI,13101021,15.3,124.95,-18,1.91894e-05,972.5,67.5,1.28,16.1061060995,425.7133853743,3.0
190,1325,NARI,13101100,15.3,124.5,-15,1.91894e-05,970.0,70.0,1.38,16.1061060995,378.1980141642,2.7
191,1325,NARI,13101103,15.3,123.9,-12,1.91894e-05,970.0,70.0,1.42,21.4748081327,315.2241416234,2.85
192,1325,NARI,13101106,15.3,123.3,-9,1.91894e-05,970.0,70.0,1.4,21.4748081327,252.9818055213,3.45
193,1325,NARI,13101109,15.35,122.85,-6,1.92506e-05,970.0,70.0,2.37,16.2081280142,209.1498253195,6.66
194,1325,NARI,13101112,15.4,122.4,-3,1.93118e-05,970.0,70.0,3.42,16.2042901037,168.0299563794,21.42
195,1325,NARI,13101115,15.45,121.45,0,1.9373000000000002e-05,972.5,67.5,3.71,34.0276134629,99.5423467944,40.71
196,1325,NARI,13101118,15.5,120.5,3,1.94341e-05,975.0,65.0,4.31,34.0194177796,111.5063540094,35.52
197,1325,NARI,13101121,15.35,119.75,6,1.92506e-05,975.0,65.0,5.63,27.4046837163,159.4736458655,27.33
198,1325,NARI,13101200,15.2,119.0,9,1.9066900000000002e-05,975.0,65.0,5.02,27.4234761154,228.0621072721,22.95
199,1325,NARI,13101203,15.2,118.6,12,1.9066900000000002e-05,972.5,67.5,4.01,14.3233526362,269.6784260391,23.97
200,1325,NARI,13101206,15.2,118.2,15,1.9066900000000002e-05,970.0,70.0,4.53,14.3233526362,311.6623716809,26.7
201,1325,NARI,13101209,15.1,117.6,18,1.89444e-05,970.0,70.0,5.72,21.8111427949,373.5641208127,15.99
202,1325,NARI,13101212,15.0,117.0,21,1.88219e-05,970.0,70.0,5.23,21.8210847465,436.5994397158,10.17
203,1325,NARI,13101215,15.05,116.35,24,1.8883100000000002e-05,967.5,72.5,4.32,23.3652404209,506.589760783,7.89
204,1409,RAMMASUN,14071421,12.65,126.25,-24,1.59258e-05,962.5,67.5,0.45,0.0,607.2243210895,2.1
205,1409,RAMMASUN,14071500,12.7,125.6,-21,1.59877e-05,960.0,70.0,1.7000000000000002,23.6017055331,539.7561803388,2.64
206,1409,RAMMASUN,14071503,12.8,125.15,-18,1.61115e-05,955.0,75.0,1.78,16.6977951647,490.4541288333,3.87
207,1409,RAMMASUN,14071506,12.9,124.7,-15,1.62352e-05,950.0,80.0,2.0,16.6914768684,441.4072184453,4.95
208,1409,RAMMASUN,14071509,13.15,124.05,-12,1.65444e-05,947.5,82.5,2.55,25.2415839765,365.6086927246,14.16
209,1409,RAMMASUN,14071512,13.4,123.4,-9,1.68532e-05,945.0,85.0,2.96,25.2191221145,290.0872216794,32.28
210,1409,RAMMASUN,14071515,13.7,122.65,-6,1.7223400000000002e-05,945.0,85.0,3.08,29.2266224921,202.8406385755,36.24
211,1409,RAMMASUN,14071518,14.0,121.9,-3,1.75931e-05,945.0,85.0,2.9,29.1943902906,116.8560748271,28.68
212,1409,RAMMASUN,14071521,14.1,121.15,0,1.77162e-05,952.5,77.5,5.2,27.2436907266,61.4045023841,21.93
213,1409,RAMMASUN,14071600,14.2,120.4,3,1.78393e-05,960.0,70.0,5.26,27.2319280847,85.1400392529,26.82
214,1409,RAMMASUN,14071603,14.65,119.7,6,1.83924e-05,962.5,67.5,5.68,30.1429039273,144.7187216714,42.66
215,1409,RAMMASUN,14071606,15.1,119.0,9,1.89444e-05,965.0,65.0,6.69,30.0993780015,225.4121681561,43.68
216,1409,RAMMASUN,14071609,15.1,118.3,12,1.89444e-05,967.5,62.5,9.23,25.0777150503,299.1995535197,21.57
217,1409,RAMMASUN,14071612,15.1,117.6,15,1.89444e-05,970.0,60.0,7.63,25.0777150503,373.5641208127,19.38
218,1409,RAMMASUN,14071615,15.35,117.2,18,1.92506e-05,970.0,60.0,5.28,17.0406954775,419.9954837548,11.52
219,1409,RAMMASUN,14071618,15.6,116.8,21,1.95564e-05,970.0,60.0,3.14,17.0262219685,467.2189002724,5.73
220,1409,RAMMASUN,14071621,15.9,116.2,24,1.9922900000000002e-05,965.0,62.5,2.54,24.1170365272,536.9862345242,2.1
221,1422,HAGUPIT,14120718,12.8,123.1,-24,1.61115e-05,975.0,65.0,4.39,0.0,302.7818465566,3.33
222,1422,HAGUPIT,14120721,13.0,122.85,-21,1.63589e-05,977.5,62.5,4.77,11.6801848764,267.673447084,5.61
223,1422,HAGUPIT,14120800,13.2,122.6,-18,1.66061e-05,980.0,60.0,5.27,11.6745305148,232.6159276405,12.54
224,1422,HAGUPIT,14120803,13.35,122.3,-15,1.67914e-05,982.5,57.5,5.54,12.1695234232,197.7900184291,18.48
225,1422,HAGUPIT,14120806,13.5,122.0,-12,1.69766e-05,985.0,55.0,6.01,12.1635117566,163.7651143879,22.68
226,1422,HAGUPIT,14120809,13.6,121.6,-9,1.71e-05,987.5,50.0,6.77,14.8930736384,130.5133408237,25.59
227,1422,HAGUPIT,14120812,13.7,121.2,-6,1.7223400000000002e-05,990.0,45.0,7.96,14.887154367,106.0644047992,46.53
228,1422,HAGUPIT,14120815,13.7,121.1,-3,1.7223400000000002e-05,990.0,42.5,8.51,3.605078444,104.8855624055,74.43
229,1422,HAGUPIT,14120818,13.7,121.0,0,1.7223400000000002e-05,990.0,40.0,8.07,3.605078444,104.8152806961,64.53
230,1422,HAGUPIT,14120821,13.7,120.8,3,1.7223400000000002e-05,992.0,37.5,7.74,7.2101568879,107.974916956,58.14
231,1422,HAGUPIT,14120900,13.7,120.6,6,1.7223400000000002e-05,994.0,35.0,7.99,7.2101568879,115.1810611089,51.42
232,1422,HAGUPIT,14120903,13.65,120.15,9,1.7161700000000002e-05,994.0,35.0,8.79,16.3313567995,146.6386162476,41.34
233,1422,HAGUPIT,14120906,13.6,119.7,12,1.71e-05,994.0,35.0,8.07,16.3347670373,185.8706110452,27.03
234,1422,HAGUPIT,14120909,13.6,119.3,15,1.71e-05,992.0,37.5,6.9,14.426427154,221.3715815093,17.01
235,1422,HAGUPIT,14120912,13.6,118.9,18,1.71e-05,990.0,40.0,5.61,14.426427154,259.247107134,21.18
236,1422,HAGUPIT,14120915,13.65,118.4,21,1.7161700000000002e-05,990.0,40.0,4.36,18.1238307642,306.5010755495,14.4
237,1422,HAGUPIT,14120918,13.7,117.9,24,1.7223400000000002e-05,990.0,40.0,3.18,18.1200232786,355.7568294264,3.15
238,1501,MEKKHALA,15011712,12.4,125.2,-24,1.5616e-05,990.0,45.0,5.85,0.0,515.9254543042,0.24
239,1501,MEKKHALA,15011715,12.55,124.75,-21,1.5801900000000002e-05,991.0,42.5,5.3,17.2173876668,464.9275356103,0.42
240,1501,MEKKHALA,15011718,12.7,124.3,-18,1.59877e-05,992.0,40.0,4.85,17.2083495972,414.1999508633,0.27
241,1501,MEKKHALA,15011721,13.1,123.95,-15,1.64825e-05,994.0,37.5,5.28,19.4655668847,358.6533887432,0.27
242,1501,MEKKHALA,15011800,13.5,123.6,-12,1.69766e-05,996.0,35.0,5.93,19.4521375982,304.415444952,6.06
243,1501,MEKKHALA,15011803,13.7,123.25,-9,1.7223400000000002e-05,996.0,35.0,6.09,14.6265477028,260.5796564293,6.45
244,1501,MEKKHALA,15011806,13.9,122.9,-6,1.74699e-05,996.0,35.0,6.24,14.6172405456,216.9000879446,9.66
245,1501,MEKKHALA,15011809,14.35,122.75,-3,1.8023800000000002e-05,998.0,35.0,5.51,17.497022991,186.8800973509,25.68
246,1501,MEKKHALA,15011812,14.8,122.6,0,1.85765e-05,1000.0,35.0,5.05,17.4938399556,168.3955731827,31.17
247,1501,MEKKHALA,15011815,15.4,122.55,3,1.93118e-05,1002.0,17.5,4.78,22.2664843901,182.1533459778,35.01
248,1501,MEKKHALA,15011818,16.0,122.5,6,2.0044900000000002e-05,1004.0,0.0,3.99,22.2664692102,216.6621416405,21.12
249,1501,MEKKHALA,15011821,16.3,122.65,9,2.04107e-05,1007.0,0.0,2.51,12.3164813325,251.485685234,7.05
250,1501,MEKKHALA,15011900,16.6,122.8,12,2.0775800000000002e-05,1010.0,0.0,2.41,12.3129997628,286.7811605755,3.6
251,1501,MEKKHALA,15011903,16.7,122.95,15,2.08974e-05,1010.0,0.0,2.03,6.4889303354,305.6061484037,1.35
252,1501,MEKKHALA,15011906,16.8,123.1,18,2.1019e-05,1010.0,0.0,1.44,6.4866372057,324.4856436319,0.27
253,1501,MEKKHALA,15011909,16.8,123.2,21,2.1019e-05,1011.0,0.0,1.19,3.5522772997,331.7756791522,0.03
254,1501,MEKKHALA,15011912,16.8,123.3,24,2.1019e-05,1012.0,0.0,1.27,3.5522772997,339.2438735819,0.0
255,1504,MAYSAK,15040400,14.7,126.6,-24,1.84538e-05,965.0,70.0,1.79,0.0,598.3115263438,0.0
256,1504,MAYSAK,15040403,14.95,125.85,-21,1.87605e-05,972.5,62.5,1.76,28.433702867,518.0416915881,0.0
257,1504,MAYSAK,15040406,15.2,125.1,-18,1.9066900000000002e-05,980.0,55.0,1.4100000000000001,28.4038618795,440.1014368309,0.09
258,1504,MAYSAK,15040409,15.45,124.45,-15,1.9373000000000002e-05,982.5,52.5,1.79,25.0194528168,376.2810946811,0.24
259,1504,MAYSAK,15040412,15.7,123.8,-12,1.96786e-05,985.0,50.0,1.88,24.9932252375,317.7961021902,0.72
260,1504,MAYSAK,15040415,15.85,123.4,-9,1.98618e-05,990.5,45.0,1.58,15.3185353563,285.6462202725,0.18
261,1504,MAYSAK,15040418,16.0,123.0,-6,2.0044900000000002e-05,996.0,40.0,2.75,15.3086074574,257.8381813963,0.0
262,1504,MAYSAK,15040421,16.1,122.8,-3,2.01669e-05,998.0,37.5,3.11,8.0326838776,247.8044752136,0.0
263,1504,MAYSAK,15040500,16.2,122.6,0,2.02888e-05,1000.0,35.0,3.38,8.0294913625,239.814636261,0.0
264,1504,MAYSAK,15040503,17.4,121.85,3,2.17469e-05,1002.0,17.5,2.47,51.7289086689,317.668632845,0.27
265,1504,MAYSAK,15040506,18.6,121.1,6,2.31954e-05,1004.0,0.0,2.74,51.6382565446,439.1383837499,0.27
266,1504,MAYSAK,15040509,19.05,120.25,9,2.3736e-05,1006.0,0.0,3.29,34.1464272097,496.1288087284,0.93
267,1504,MAYSAK,15040512,19.5,119.4,12,2.42751e-05,1008.0,0.0,3.2,34.0751893045,565.9260974985,2.07
268,1504,MAYSAK,15040515,19.9,118.8,15,2.4753100000000002e-05,1008.0,0.0,2.25,25.6369110994,628.9023328579,1.4100000000000001
269,1504,MAYSAK,15040518,20.3,118.2,18,2.52299e-05,1008.0,0.0,1.3900000000000001,25.5934418058,694.4743011017,0.09
270,1504,MAYSAK,15040521,20.3,117.8,21,2.52299e-05,1008.0,0.0,0.6900000000000001,13.9207091496,713.3279502984,0.0
271,1504,MAYSAK,15040600,20.3,117.4,24,2.52299e-05,1008.0,0.0,1.99,13.9207091496,734.0756943539,0.0
272,1522,MUJIGAE,15093018,12.6,126.4,-24,1.5863800000000002e-05,1008.0,0.0,1.42,0.0,624.5248587105,6.18
273,1522,MUJIGAE,15093021,13.25,125.8,-21,1.66679e-05,1008.0,0.0,1.45,32.3680198774,538.0748729519,7.14
274,1522,MUJIGAE,15100100,13.9,125.2,-18,1.74699e-05,1008.0,0.0,1.5899999999999999,32.3286696561,456.6455313745,10.14
275,1522,MUJIGAE,15100103,14.2,124.5,-15,1.78393e-05,1007.0,0.0,1.83,27.517605043,376.2317666792,6.51
276,1522,MUJIGAE,15100106,14.5,123.8,-12,1.82081e-05,1006.0,0.0,1.44,27.4868012484,297.483762298,4.05
277,1522,MUJIGAE,15100109,14.85,123.25,-9,1.86379e-05,1004.0,17.5,1.96,23.5958900721,238.5033815391,3.69
278,1522,MUJIGAE,15100112,15.2,122.7,-6,1.9066900000000002e-05,1002.0,35.0,1.81,23.568950143,188.3371650895,4.38
279,1522,MUJIGAE,15100115,15.5,122.0,-3,1.94341e-05,1000.0,37.5,1.47,27.3796295112,139.8405209081,4.38
280,1522,MUJIGAE,15100118,15.8,121.3,0,1.9800800000000002e-05,998.0,40.0,1.37,27.3461354366,131.2339272948,7.47
281,1522,MUJIGAE,15100121,16.1,120.7,3,2.01669e-05,998.0,40.0,1.1400000000000001,24.0980516328,165.7516345625,19.86
282,1522,MUJIGAE,15100200,16.4,120.1,6,2.05325e-05,998.0,40.0,0.44,24.069149046,219.4296533929,50.7
283,1522,MUJIGAE,15100203,16.45,119.5,9,2.05933e-05,997.0,42.5,1.25,21.432533438,259.517800219,50.94
284,1522,MUJIGAE,15100206,16.5,118.9,12,2.06542e-05,996.0,45.0,4.65,21.4270442734,307.8898766713,19.23
285,1522,MUJIGAE,15100209,16.7,118.35,15,2.08974e-05,993.0,47.5,4.44,20.9010417259,366.8421505747,10.32
286,1522,MUJIGAE,15100212,16.9,117.8,18,2.1140500000000002e-05,990.0,50.0,5.15,20.8818027622,426.697512974,4.62
287,1522,MUJIGAE,15100215,17.3,117.2,21,2.1625700000000002e-05,987.5,52.5,5.08,25.8999135682,503.7860012628,2.19
288,1522,MUJIGAE,15100218,17.7,116.6,24,2.21099e-05,985.0,55.0,3.71,25.8616816753,580.6355451857,1.2
289,1524,KOPPU,15101700,15.8,124.5,-24,1.9800800000000002e-05,940.0,90.0,1.74,0.0,391.8279462326,5.88
290,1524,KOPPU,15101703,15.8,124.15,-21,1.9800800000000002e-05,935.0,92.5,2.45,12.4965886584,356.6173579848,4.5
291,1524,KOPPU,15101706,15.8,123.8,-18,1.9800800000000002e-05,930.0,95.0,3.04,12.4965886584,321.9218937709,3.66
292,1524,KOPPU,15101709,15.85,123.45,-15,1.98618e-05,930.0,95.0,3.73,12.629663402,290.3869061193,4.74
293,1524,KOPPU,15101712,15.9,123.1,-12,1.9922900000000002e-05,930.0,95.0,4.8,12.6265970834,260.5870557795,7.05
294,1524,KOPPU,15101715,16.0,122.6,-9,2.0044900000000002e-05,927.5,97.5,5.77,18.2141182848,224.4817835375,7.83
295,1524,KOPPU,15101718,16.1,122.1,-6,2.01669e-05,925.0,100.0,5.61,18.205354585,197.1944418127,19.59
296,1524,KOPPU,15101721,16.05,121.85,-3,2.01059e-05,932.5,95.0,6.45,9.104871529,178.3252377847,40.77
297,1524,KOPPU,15101800,16.0,121.6,0,2.0044900000000002e-05,940.0,90.0,7.92,9.1070591424,161.8693160744,12.84
298,1524,KOPPU,15101803,16.05,121.5,3,2.01059e-05,945.0,85.0,10.15,4.0171365234,163.5307965186,4.29
299,1524,KOPPU,15101806,16.1,121.4,6,2.01669e-05,950.0,80.0,11.28,4.0163419388,166.0557035754,5.55
300,1524,KOPPU,15101809,16.2,121.35,9,2.02888e-05,955.0,75.0,13.2,4.1058763643,175.7982463164,17.13
301,1524,KOPPU,15101812,16.3,121.3,12,2.04107e-05,960.0,70.0,12.86,4.1054937775,185.8487321298,27.21
302,1524,KOPPU,15101815,16.65,120.95,15,2.08367e-05,965.0,65.0,12.25,17.9570316895,222.8882746063,27.81
303,1524,KOPPU,15101818,17.0,120.6,18,2.12619e-05,970.0,60.0,10.58,17.9412341116,265.7405768779,4.68
304,1524,KOPPU,15101821,17.1,120.4,21,2.1383200000000002e-05,975.0,55.0,9.38,7.9999107243,281.0795036,4.41
305,1524,KOPPU,15101900,17.2,120.2,24,2.15045e-05,980.0,50.0,9.15,7.9965300741,297.5551858505,5.79
306,1621,SARIKA,16101418,14.0,125.4,-24,1.75931e-05,980.0,55.0,1.57,0.0,475.925490002,0.93
307,1621,SARIKA,16101421,14.15,125.0,-21,1.77777e-05,975.0,60.0,1.96,15.4247277624,430.5491144045,1.56
308,1621,SARIKA,16101500,14.3,124.6,-18,1.79623e-05,970.0,65.0,3.2,15.4158271281,385.5094966261,2.31
309,1621,SARIKA,16101503,14.5,124.25,-15,1.82081e-05,962.5,72.5,3.81,14.588539254,345.9220533265,4.29
310,1621,SARIKA,16101506,14.7,123.9,-12,1.84538e-05,955.0,80.0,3.5700000000000003,14.5787129208,307.617931212,3.39
311,1621,SARIKA,16101509,14.9,123.45,-9,1.8699200000000002e-05,952.5,82.5,3.88,17.7515394008,260.4203357294,9.12
312,1621,SARIKA,16101512,15.1,123.0,-6,1.89444e-05,950.0,85.0,4.86,17.7378454653,216.2692538843,8.22
313,1621,SARIKA,16101515,15.45,122.4,-3,1.9373000000000002e-05,942.5,90.0,5.17,25.0624051007,170.8396245463,24.75
314,1621,SARIKA,16101518,15.8,121.8,0,1.9800800000000002e-05,935.0,95.0,6.03,25.031119055,151.7606309758,43.26
315,1621,SARIKA,16101521,16.0,120.8,3,2.0044900000000002e-05,950.0,85.0,7.5,36.4282365696,152.7682108183,46.89
316,1621,SARIKA,16101600,16.2,119.8,6,2.02888e-05,965.0,75.0,9.55,36.3930758328,217.9651641829,57.33
317,1621,SARIKA,16101603,16.4,119.1,9,2.05325e-05,965.0,72.5,8.63,25.9928927944,284.7416277758,28.95
318,1621,SARIKA,16101606,16.6,118.4,12,2.0775800000000002e-05,965.0,70.0,6.48,25.9682213042,355.9209761098,6.39
319,1621,SARIKA,16101609,16.7,117.8,15,2.08974e-05,967.5,67.5,4.85,21.6433388523,414.365289042,5.28
320,1621,SARIKA,16101612,16.8,117.2,18,2.1019e-05,970.0,65.0,4.47,21.6323070942,474.4006262083,8.82
321,1621,SARIKA,16101615,16.8,116.35,21,2.1019e-05,970.0,65.0,2.87,30.1943570477,554.499697751,10.44
322,1621,SARIKA,16101618,16.8,115.5,24,2.1019e-05,970.0,65.0,2.15,30.1943570477,637.4123163389,8.01
323,1625,TOKAGE,16112418,11.0,123.2,-24,1.3876e-05,1000.0,0.0,2.98,0.0,467.9462487326,1.4100000000000001
324,1625,TOKAGE,16112421,11.2,122.85,-21,1.4125100000000001e-05,1000.0,0.0,2.2,14.7318292294,430.0105997026,2.7
325,1625,TOKAGE,16112500,11.4,122.5,-18,1.4374000000000002e-05,1000.0,0.0,2.47,14.7241647349,393.4354831011,6.48
326,1625,TOKAGE,16112503,11.45,121.9,-15,1.4436300000000001e-05,1000.0,0.0,3.47,21.8990365273,366.4736438247,8.28
327,1625,TOKAGE,16112506,11.5,121.3,-12,1.44984e-05,1000.0,0.0,3.79,21.8951853208,349.9360176597,8.52
328,1625,TOKAGE,16112509,11.6,121.0,-9,1.46228e-05,999.0,17.5,5.06,11.514789467,337.7556356547,5.25
329,1625,TOKAGE,16112512,11.7,120.7,-6,1.47471e-05,998.0,35.0,6.09,11.511076878,328.7683543813,13.47
330,1625,TOKAGE,16112515,12.15,120.3,-3,1.5305900000000002e-05,996.0,40.0,6.16,22.0812243283,288.2905554246,23.28
331,1625,TOKAGE,16112518,12.6,119.9,0,1.5863800000000002e-05,994.0,45.0,6.72,22.0649546837,258.5747729752,23.49
332,1625,TOKAGE,16112521,12.9,119.3,3,1.62352e-05,993.0,47.5,6.63,24.3743341064,270.6174985564,11.19
333,1625,TOKAGE,16112600,13.2,118.7,6,1.66061e-05,992.0,50.0,5.44,24.3509398126,300.2999400763,12.93
334,1625,TOKAGE,16112603,13.5,118.2,9,1.69766e-05,993.0,47.5,4.9,21.1801773971,332.9453691928,10.47
335,1625,TOKAGE,16112606,13.8,117.7,12,1.73466e-05,994.0,45.0,4.76,21.1607009491,373.3994373118,11.46
336,1625,TOKAGE,16112609,14.05,117.55,15,1.7654600000000002e-05,994.0,45.0,4.98,10.7083063778,382.9892782601,11.19
337,1625,TOKAGE,16112612,14.3,117.4,18,1.79623e-05,994.0,45.0,4.29,10.7053645482,394.8922387439,8.46
338,1625,TOKAGE,16112615,14.55,117.35,21,1.8269600000000002e-05,994.0,45.0,3.07,9.420243963,398.1292438448,10.56
339,1625,TOKAGE,16112618,14.8,117.3,24,1.85765e-05,994.0,45.0,2.92,9.4199186132,403.2941594422,9.54
340,1626,NOCK-TEN,16122503,13.5,125.55,-24,1.69766e-05,920.0,102.5,4.35,0.0,504.0159015583,1.5
341,1626,NOCK-TEN,16122506,13.5,125.1,-21,1.69766e-05,925.0,100.0,4.08,16.2365586602,457.040017027,1.29
342,1626,NOCK-TEN,16122509,13.5,124.55,-18,1.69766e-05,925.0,100.0,4.88,19.8446828069,400.1884150954,1.2
343,1626,NOCK-TEN,16122512,13.5,124.0,-15,1.69766e-05,925.0,100.0,5.74,19.8446828069,344.244918382,1.62
344,1626,NOCK-TEN,16122515,13.5,123.4,-12,1.69766e-05,937.5,92.5,5.21,21.6487448803,284.8804437597,1.62
345,1626,NOCK-TEN,16122518,13.5,122.8,-9,1.69766e-05,950.0,85.0,4.49,21.6487448803,228.5720836621,1.9500000000000002
346,1626,NOCK-TEN,16122521,13.55,122.1,-6,1.70383e-05,950.0,85.0,4.77,25.3192048085,166.716136785,2.19
347,1626,NOCK-TEN,16122600,13.6,121.4,-3,1.71e-05,950.0,85.0,4.82,25.3138988366,122.0532573854,3.24
348,1626,NOCK-TEN,16122603,13.85,120.55,0,1.74083e-05,960.0,77.5,5.11,31.9892443226,102.9689645536,9.75
349,1626,NOCK-TEN,16122606,14.1,119.7,3,1.77162e-05,970.0,70.0,5.43,31.9574477829,157.1149411102,42.27
350,1626,NOCK-TEN,16122609,14.25,119.05,6,1.79008e-05,970.0,70.0,6.77,24.0265245551,219.4983565992,44.52
351,1626,NOCK-TEN,16122612,14.4,118.4,9,1.80852e-05,970.0,70.0,8.56,24.0113293438,286.3284109122,17.19
352,1626,NOCK-TEN,16122615,14.6,117.7,12,1.8331e-05,972.5,67.5,6.23,26.2018942108,360.2322148011,7.83
353,1626,NOCK-TEN,16122618,14.8,117.0,15,1.85765e-05,975.0,65.0,4.32,26.1798354256,435.5543492889,5.37
354,1626,NOCK-TEN,16122621,14.9,116.65,18,1.8699200000000002e-05,977.5,62.5,3.19,13.0843483095,473.514463838,3.24
355,1626,NOCK-TEN,16122700,15.0,116.3,21,1.88219e-05,980.0,60.0,2.47,13.0787424633,511.6038749124,3.7800000000000002
356,1626,NOCK-TEN,16122703,14.85,116.15,24,1.86379e-05,982.5,55.0,2.19,7.7286137007,527.0670283332,3.54
357,1714,PAKHAR,17082412,15.3,126.0,-24,1.91894e-05,1006.0,0.0,1.5,0.0,537.1399869429,2.55
358,1714,PAKHAR,17082415,15.2,125.45,-21,1.9066900000000002e-05,1003.0,17.5,1.3900000000000001,20.0389805124,477.3575129062,2.31
359,1714,PAKHAR,17082418,15.1,124.9,-18,1.89444e-05,1000.0,35.0,1.65,20.0481276779,417.5425192981,1.65
360,1714,PAKHAR,17082421,15.05,124.4,-15,1.8883100000000002e-05,998.0,37.5,1.88,18.012073048,363.6138624758,1.38
361,1714,PAKHAR,17082500,15.0,123.9,-12,1.88219e-05,996.0,40.0,1.77,18.0162478888,309.6636279733,0.96
362,1714,PAKHAR,17082503,15.2,123.45,-9,1.9066900000000002e-05,996.0,40.0,2.05,17.730932472,265.7690417164,0.96
363,1714,PAKHAR,17082506,15.4,123.0,-6,1.93118e-05,996.0,40.0,2.65,17.7169745983,226.1129486724,1.1400000000000001
364,1714,PAKHAR,17082509,15.7,122.6,-3,1.96786e-05,995.0,42.5,3.63,18.092059378,203.8627880485,5.16
365,1714,PAKHAR,17082512,16.0,122.2,0,2.0044900000000002e-05,994.0,45.0,4.32,18.0753634803,194.8532396441,9.57
366,1714,PAKHAR,17082515,16.35,121.7,3,2.0471600000000002e-05,996.0,42.5,4.26,22.0130602089,201.9290571462,14.01
367,1714,PAKHAR,17082518,16.7,121.2,6,2.08974e-05,998.0,40.0,3.86,21.9870829457,228.8210393703,18.75
368,1714,PAKHAR,17082521,16.95,120.35,9,2.12012e-05,997.0,40.0,3.49,31.5559962601,266.405369479,20.1
369,1714,PAKHAR,17082600,17.2,119.5,12,2.15045e-05,996.0,40.0,2.98,31.517386366,327.7766163382,10.95
370,1714,PAKHAR,17082603,17.55,118.8,15,2.1928500000000002e-05,995.0,40.0,2.38,27.9459267469,400.9388810476,11.22
371,1714,PAKHAR,17082606,17.9,118.1,18,2.23516e-05,994.0,40.0,2.07,27.9031983013,477.3338584182,4.5600000000000005
372,1714,PAKHAR,17082609,18.45,117.45,21,2.3014900000000002e-05,993.0,42.5,2.66,30.6181698232,567.8666473605,11.97
373,1714,PAKHAR,17082612,19.0,116.8,24,2.3676e-05,992.0,45.0,2.84,30.5629355243,658.243471325,6.57
374,1719,DOKSURI,17091106,14.7,124.9,-24,1.84538e-05,1002.0,0.0,1.26,0.0,415.2771749354,13.8
375,1719,DOKSURI,17091109,14.7,124.4,-21,1.84538e-05,1002.0,0.0,2.19,17.94595895,361.4463235794,37.32
376,1719,DOKSURI,17091112,14.7,123.9,-18,1.84538e-05,1002.0,0.0,3.0,17.94595895,307.617931212,29.61
377,1719,DOKSURI,17091115,14.65,123.45,-15,1.83924e-05,1002.0,0.0,3.52,16.2605796034,259.1603588059,60.36
378,1719,DOKSURI,17091118,14.6,123.0,-12,1.8331e-05,1002.0,0.0,3.43,16.2642346581,210.7977386769,40.5
379,1719,DOKSURI,17091121,14.5,122.55,-9,1.82081e-05,1002.0,0.0,2.95,16.5838436294,163.1197547751,42.51
380,1719,DOKSURI,17091200,14.4,122.1,-6,1.80852e-05,1002.0,0.0,2.8200000000000003,16.5909304506,117.0566306793,45.66
381,1719,DOKSURI,17091203,14.5,121.4,-3,1.82081e-05,1001.0,0.0,2.22,25.4177900605,41.5749257073,64.65
382,1719,DOKSURI,17091206,14.6,120.7,0,1.8331e-05,1000.0,0.0,1.87,25.4065238428,37.3398320733,193.11
383,1719,DOKSURI,17091209,14.45,120.1,3,1.81467e-05,999.0,17.5,2.03,22.2621159929,103.9727381012,110.61
384,1719,DOKSURI,17091212,14.3,119.5,6,1.79623e-05,998.0,35.0,1.43,22.276124462,170.8289855221,38.07
385,1719,DOKSURI,17091215,14.5,118.8,9,1.82081e-05,998.0,37.5,0.72,26.212814105,242.3363484361,70.23
386,1719,DOKSURI,17091218,14.7,118.1,12,1.84538e-05,998.0,40.0,3.21,26.1909013036,317.0269018879,17.13
387,1719,DOKSURI,17091221,14.7,117.65,15,1.84538e-05,997.0,40.0,5.74,16.151363055,365.4727996434,5.58
388,1719,DOKSURI,17091300,14.7,117.2,18,1.84538e-05,996.0,40.0,4.46,16.151363055,413.9206150354,5.1
389,1719,DOKSURI,17091303,15.0,116.6,21,1.88219e-05,996.0,40.0,3.51,24.1996508149,479.4489840837,2.4
390,1719,DOKSURI,17091306,15.3,116.0,24,1.91894e-05,996.0,40.0,3.38,24.1726261687,546.4392673672,1.08
391,1724,HAIKUI,17110815,11.7,126.35,-24,1.47471e-05,1005.0,0.0,4.13,0.0,664.2714476772,0.06
392,1724,HAIKUI,17110818,12.1,125.6,-21,1.52439e-05,1004.0,0.0,2.4,30.9735851857,570.6269425835,0.42
393,1724,HAIKUI,17110821,12.4,124.95,-18,1.5616e-05,1005.0,0.0,2.45,26.0392253597,492.2934570417,0.6900000000000001
394,1724,HAIKUI,17110900,12.7,124.3,-15,1.59877e-05,1006.0,0.0,2.37,26.0144384566,414.1999508633,1.74
395,1724,HAIKUI,17110903,13.0,123.55,-12,1.63589e-05,1005.0,0.0,2.61,29.2991877864,327.3612028826,3.6
396,1724,HAIKUI,17110906,13.3,122.8,-9,1.67297e-05,1004.0,0.0,2.64,29.2685421412,241.7237978224,6.57
397,1724,HAIKUI,17110909,13.55,122.15,-6,1.70383e-05,1004.0,0.0,4.61,25.2054472068,170.4718911783,12.87
398,1724,HAIKUI,17110912,13.8,121.5,-3,1.73466e-05,1004.0,0.0,5.04,25.1823264719,105.8138908312,21.06
399,1724,HAIKUI,17110915,14.1,120.9,0,1.77162e-05,1004.0,0.0,4.41,24.2776292649,62.2856481762,44.79
400,1724,HAIKUI,17110918,14.4,120.3,3,1.80852e-05,1004.0,0.0,3.6,24.2521535634,84.6212089103,52.92
401,1724,HAIKUI,17110921,14.7,119.75,6,1.84538e-05,1003.0,17.5,2.35,22.6458303787,139.4406533266,48.84
402,1724,HAIKUI,17111000,15.0,119.2,9,1.88219e-05,1002.0,35.0,2.73,22.6220086249,202.1530095407,33.15
403,1724,HAIKUI,17111003,15.45,118.85,12,1.9373000000000002e-05,1002.0,35.0,4.28,20.8275250129,251.8143774166,50.67
404,1724,HAIKUI,17111006,15.9,118.5,15,1.9922900000000002e-05,1002.0,35.0,3.29,20.8111562505,305.9473661785,65.97
405,1724,HAIKUI,17111009,16.4,118.05,18,2.05325e-05,1002.0,35.0,3.6,24.4682718029,374.4330772166,13.26
406,1724,HAIKUI,17111012,16.9,117.6,21,2.1140500000000002e-05,1002.0,35.0,3.55,24.4411848539,444.1218517182,2.76
407,1724,HAIKUI,17111015,17.05,117.3,24,2.13226e-05,1001.0,35.0,2.14,12.0023910362,479.6530046158,1.44
408,1826,YUTU,18102903,16.9,125.65,-24,2.1140500000000002e-05,962.5,75.0,2.46,0.0,550.8352454732,0.12
409,1826,YUTU,18102906,16.8,125.2,-21,2.1019e-05,955.0,80.0,2.08,16.4076992444,503.4451868117,0.0
410,1826,YUTU,18102909,16.8,124.7,-18,2.1019e-05,955.0,80.0,1.8900000000000001,17.7613864986,457.2679328934,0.0
411,1826,YUTU,18102912,16.8,124.2,-15,2.1019e-05,955.0,80.0,2.71,17.7613864986,412.8065795111,0.30000000000000004
412,1826,YUTU,18102915,16.8,123.6,-12,2.1019e-05,955.0,80.0,2.6,21.3136637983,362.6060341668,0.03
413,1826,YUTU,18102918,16.8,123.0,-9,2.1019e-05,955.0,80.0,2.18,21.3136637983,317.3860436469,0.03
414,1826,YUTU,18102921,16.7,122.3,-6,2.08974e-05,962.5,75.0,2.63,25.1525209015,264.6214363975,0.06
415,1826,YUTU,18103000,16.6,121.6,-3,2.0775800000000002e-05,970.0,70.0,2.91,25.1653673118,225.0796580617,1.62
416,1826,YUTU,18103003,16.55,120.85,0,2.0715e-05,977.5,62.5,3.47,26.7409666307,212.5730218968,0.63
417,1826,YUTU,18103006,16.5,120.1,3,2.06542e-05,985.0,55.0,4.34,26.7478576837,229.3220265216,0.30000000000000004
418,1826,YUTU,18103009,16.7,119.6,6,2.08974e-05,985.0,55.0,6.05,19.2493083494,275.2759736831,9.51
419,1826,YUTU,18103012,16.9,119.1,9,2.1140500000000002e-05,985.0,55.0,6.41,19.2320474615,324.9087634834,18.42
420,1826,YUTU,18103015,17.0,118.85,12,2.12619e-05,987.5,52.5,5.26,9.6116716175,350.6048551961,17.85
421,1826,YUTU,18103018,17.1,118.6,15,2.1383200000000002e-05,990.0,50.0,4.03,9.6072949363,376.7200324205,12.42
422,1826,YUTU,18103021,17.3,118.4,18,2.1625700000000002e-05,990.0,50.0,3.2,10.2442583174,407.2602779058,10.17
423,1826,YUTU,18103100,17.5,118.2,21,2.18679e-05,990.0,50.0,2.7199999999999998,10.2389376058,437.7665553449,10.23
424,1826,YUTU,18103103,17.8,117.95,24,2.22308e-05,991.0,47.5,2.7199999999999998,14.1838680236,479.8241036855,9.33
425,1912,PODUL,19082615,13.5,128.85,-24,1.69766e-05,1002.0,0.0,1.8900000000000001,0.0,854.4590216894,2.91
426,1912,PODUL,19082618,13.5,128.2,-21,1.69766e-05,1002.0,0.0,1.25,23.4528069536,784.9504379659,4.65
427,1912,PODUL,19082621,13.95,127.35,-18,1.75315e-05,1002.0,0.0,1.42,34.8432473527,685.6429466244,9.09
428,1912,PODUL,19082700,14.4,126.5,-15,1.80852e-05,1002.0,0.0,1.53,34.7900668099,588.9309036652,10.38
429,1912,PODUL,19082703,14.9,125.35,-12,1.8699200000000002e-05,1001.0,0.0,1.8900000000000001,45.1953010925,464.129611664,5.94
430,1912,PODUL,19082706,15.4,124.2,-9,1.93118e-05,1000.0,0.0,2.09,45.1066313572,348.9874668241,8.88
431,1912,PODUL,19082709,15.7,123.05,-6,1.96786e-05,1001.0,0.0,2.9,42.5529515228,244.8915001628,5.1
432,1912,PODUL,19082712,16.0,121.9,-3,2.0044900000000002e-05,1002.0,0.0,3.2800000000000002,42.4940692565,176.2219688022,0.5700000000000001
433,1912,PODUL,19082715,16.05,120.75,0,2.01059e-05,1001.0,0.0,2.96,41.0508206817,159.2062459607,2.7
434,1912,PODUL,19082718,16.1,119.6,3,2.01669e-05,1000.0,0.0,3.02,41.0405200458,223.5270851328,6.39
435,1912,PODUL,19082721,16.3,118.45,6,2.04107e-05,999.0,17.5,3.7199999999999998,41.6201092639,332.5470523286,2.85
436,1912,PODUL,19082800,16.5,117.3,9,2.06542e-05,998.0,35.0,2.85,41.5787319522,449.5676139572,0.27
437,1912,PODUL,19082803,16.55,116.65,12,2.0715e-05,997.0,37.5,3.12,23.1938670272,514.3661240614,0.0
438,1912,PODUL,19082806,16.6,116.0,15,2.0775800000000002e-05,996.0,40.0,2.94,23.1878820269,580.2149760163,0.0
439,1912,PODUL,19082809,16.75,115.25,18,2.0958200000000002e-05,995.0,40.0,4.18,27.2206511883,660.347659034,0.15
440,1912,PODUL,19082812,16.9,114.5,21,2.1140500000000002e-05,994.0,40.0,5.12,27.2000110382,740.6011665197,0.87
441,1912,PODUL,19082815,17.05,113.85,24,2.13226e-05,994.0,40.0,4.6,23.7174113204,810.8443768798,1.47
442,1928,KAMMURI,19120206,13.0,125.6,-24,1.63589e-05,955.0,85.0,3.26,0.0,526.7848374016,0.6900000000000001
443,1928,KAMMURI,19120209,12.95,125.15,-21,1.62971e-05,952.5,87.5,3.96,16.3779825983,483.5025965135,1.35
444,1928,KAMMURI,19120212,12.9,124.7,-18,1.62352e-05,950.0,90.0,4.47,16.3812208161,441.4072184453,2.07
445,1928,KAMMURI,19120215,13.05,124.1,-15,1.64207e-05,950.0,90.0,3.54,22.3873068468,375.6622273746,3.99
446,1928,KAMMURI,19120218,13.2,123.5,-12,1.66061e-05,950.0,90.0,3.09,22.3744898251,310.6902880948,1.98
447,1928,KAMMURI,19120221,13.2,122.85,-9,1.66061e-05,955.0,85.0,4.69,23.4819666716,252.9512304167,1.2
448,1928,KAMMURI,19120300,13.2,122.2,-6,1.66061e-05,960.0,80.0,6.61,23.4819666716,203.3849662095,1.8900000000000001
449,1928,KAMMURI,19120303,13.25,121.5,-3,1.66679e-05,967.5,75.0,7.19,25.3506378817,162.3538321125,2.85
450,1928,KAMMURI,19120306,13.3,120.8,0,1.67297e-05,975.0,70.0,8.46,25.3454470039,151.4134095017,27.69
451,1928,KAMMURI,19120309,13.35,120.25,3,1.67914e-05,977.5,67.5,11.16,19.9430274846,167.3191381197,87.99
452,1928,KAMMURI,19120312,13.4,119.7,6,1.68532e-05,980.0,65.0,13.38,19.9389256356,200.5390166674,126.24
453,1928,KAMMURI,19120315,13.55,119.15,9,1.70383e-05,982.5,62.5,10.43,20.6017038501,238.1727241107,127.17
454,1928,KAMMURI,19120318,13.7,118.6,12,1.7223400000000002e-05,985.0,60.0,7.45,20.5895890125,284.2782387527,57.15
455,1928,KAMMURI,19120321,13.85,118.1,15,1.74083e-05,988.5,55.0,6.03,18.8489393223,330.1264430672,25.5
456,1928,KAMMURI,19120400,14.0,117.6,18,1.75931e-05,992.0,50.0,5.26,18.8377752614,378.7581445826,15.81
457,1928,KAMMURI,19120403,14.1,117.2,21,1.77162e-05,992.0,50.0,4.44,14.863053755,419.3489093764,8.76
458,1928,KAMMURI,19120406,14.2,116.8,24,1.78393e-05,992.0,50.0,3.32,14.8569228303,460.6102551595,8.04
459,1929,PHANFONE,19122412,11.4,124.9,-24,1.4374000000000002e-05,975.0,75.0,4.26,0.0,553.732751467,0.15
460,1929,PHANFONE,19122415,11.6,124.15,-21,1.46228e-05,972.5,77.5,4.39,28.2472793433,478.3236490852,0.24
461,1929,PHANFONE,19122418,11.8,123.4,-18,1.4871400000000001e-05,970.0,80.0,2.71,28.2282767065,406.7986322019,1.02
462,1929,PHANFONE,19122421,11.85,122.9,-15,1.49335e-05,972.5,77.5,2.49,18.2517875271,370.1218505595,2.2800000000000002
463,1929,PHANFONE,19122500,11.9,122.4,-12,1.4995600000000001e-05,975.0,75.0,2.89,18.2484732091,338.3897148823,4.44
464,1929,PHANFONE,19122503,12.0,121.85,-9,1.51198e-05,977.5,72.5,3.48,20.3023646326,306.1969012328,6.06
465,1929,PHANFONE,19122506,12.1,121.3,-6,1.52439e-05,980.0,70.0,3.94,20.2950545941,283.620016046,4.95
466,1929,PHANFONE,19122509,12.3,120.7,-3,1.5492e-05,982.5,67.5,5.1,22.9762899498,262.7264787472,16.29
467,1929,PHANFONE,19122512,12.5,120.1,0,1.57399e-05,985.0,65.0,5.62,22.9605026658,259.0314064529,11.1
468,1929,PHANFONE,19122515,12.65,119.7,3,1.59258e-05,988.5,60.0,5.37,15.5087047626,265.0257107498,23.73
469,1929,PHANFONE,19122518,12.8,119.3,6,1.61115e-05,992.0,55.0,5.02,15.5007197766,278.7097553268,40.17
470,1929,PHANFONE,19122521,12.95,118.95,9,1.62971e-05,988.5,60.0,4.13,13.8196099097,294.8070334348,14.01
471,1929,PHANFONE,19122600,13.1,118.6,12,1.64825e-05,985.0,65.0,3.94,13.8126006472,315.4973791689,13.95
472,1929,PHANFONE,19122603,13.25,118.3,15,1.66679e-05,980.0,70.0,3.64,12.173494992,335.1110687475,11.94
473,1929,PHANFONE,19122606,13.4,118.0,18,1.68532e-05,975.0,75.0,2.86,12.1675267735,357.3217808106,14.19
474,1929,PHANFONE,19122609,13.65,117.85,21,1.7161700000000002e-05,980.0,70.0,3.18,10.7129123935,362.6467671344,8.46
475,1929,PHANFONE,19122612,13.9,117.7,24,1.74699e-05,985.0,65.0,3.51,10.7100482173,370.6215436966,3.6
476,2001,VONGFONG,20051412,12.3,124.4,-24,1.5492e-05,975.0,70.0,3.36,0.0,448.2029313718,8.61
477,2001,VONGFONG,20051415,12.5,124.0,-21,1.57399e-05,977.5,67.5,3.36,16.2698084405,399.7592660262,7.71
478,2001,VONGFONG,20051418,12.7,123.6,-18,1.59877e-05,980.0,65.0,2.39,16.2597598497,351.5360951881,10.41
479,2001,VONGFONG,20051421,13.0,123.15,-15,1.63589e-05,980.0,65.0,2.74,19.6937600791,292.3329329859,19.32
480,2001,VONGFONG,20051500,13.3,122.7,-12,1.67297e-05,980.0,65.0,2.79,19.6773797354,233.2922981651,7.35
481,2001,VONGFONG,20051503,13.65,122.3,-9,1.7161700000000002e-05,986.0,57.5,2.83,19.381351585,175.0016223643,4.23
482,2001,VONGFONG,20051506,14.0,121.9,-6,1.75931e-05,992.0,50.0,2.87,19.3653162024,116.8560748271,5.88
483,2001,VONGFONG,20051509,14.45,121.6,-3,1.81467e-05,993.0,47.5,4.0,19.831146591,63.7001779564,7.59
484,2001,VONGFONG,20051512,14.9,121.3,0,1.8699200000000002e-05,994.0,45.0,5.35,19.8192967781,39.6204230152,11.4
485,2001,VONGFONG,20051515,15.55,120.95,3,1.94953e-05,997.0,40.0,5.82,27.1047964732,101.0867418637,52.23
486,2001,VONGFONG,20051518,16.2,120.6,6,2.02888e-05,1000.0,35.0,6.91,27.0866453299,179.1162345785,157.68
487,2001,VONGFONG,20051521,16.75,120.3,9,2.0958200000000002e-05,1000.0,35.0,5.01,22.9691307973,246.839187096,79.83
488,2001,VONGFONG,20051600,17.3,120.0,12,2.1625700000000002e-05,1000.0,35.0,1.5,22.9549541128,314.9845756108,18.33
489,2001,VONGFONG,20051603,17.7,119.8,15,2.21099e-05,1000.0,35.0,2.91,16.3996632672,363.942133518,14.49
490,2001,VONGFONG,20051606,18.1,119.6,18,2.2593000000000002e-05,1000.0,35.0,1.6400000000000001,16.3929882314,412.8968773264,14.58
491,2001,VONGFONG,20051609,18.5,119.55,21,2.3075000000000002e-05,1001.0,17.5,2.13,14.9020828284,456.1218737848,7.44
492,2001,VONGFONG,20051612,18.9,119.5,24,2.35559e-05,1002.0,0.0,1.5899999999999999,14.9018029205,499.5921667228,1.92
493,2002,NURI,20061015,13.3,125.05,-24,1.67297e-05,1006.0,0.0,3.68,0.0,458.9120785639,10.26
494,2002,NURI,20061018,13.7,124.7,-21,1.7223400000000002e-05,1006.0,0.0,2.35,19.4452792918,409.0656206203,4.02
495,2002,NURI,20061021,14.0,124.3,-18,1.75931e-05,1006.0,0.0,2.14,18.1809932704,358.8999418175,7.62
496,2002,NURI,20061100,14.3,123.9,-15,1.79623e-05,1006.0,0.0,1.9,18.1660044085,310.4603333602,13.98
497,2002,NURI,20061103,14.5,123.4,-12,1.82081e-05,1005.0,0.0,1.75,19.426109549,254.4466539394,11.79
498,2002,NURI,20061106,14.7,122.9,-9,1.84538e-05,1004.0,0.0,1.76,19.4110320738,199.9764662493,5.64
499,2002,NURI,20061109,14.9,122.35,-6,1.8699200000000002e-05,1004.0,0.0,2.45,21.0642523561,143.378718933,2.16
500,2002,NURI,20061112,15.1,121.8,-3,1.89444e-05,1004.0,0.0,2.16,21.0470051422,95.7719115658,0.39
501,2002,NURI,20061115,15.45,121.15,0,1.9373000000000002e-05,1003.0,0.0,2.13,26.6096362355,90.212369547,2.55
502,2002,NURI,20061118,15.8,120.5,3,1.9800800000000002e-05,1002.0,0.0,0.6900000000000001,26.5750409751,140.9265447258,9.33
503,2002,NURI,20061121,15.95,119.95,6,1.99839e-05,1002.0,0.0,1.19,20.3922978624,186.3386391947,16.08
504,2002,NURI,20061200,16.1,119.4,9,2.01669e-05,1002.0,0.0,3.14,20.3781122636,238.8048073098,23.19
505,2002,NURI,20061203,16.25,118.85,12,2.03497e-05,1001.0,0.0,4.08,20.3637982186,294.5256434923,38.7
506,2002,NURI,20061206,16.4,118.3,15,2.05325e-05,1000.0,0.0,5.55,20.349355849,351.9126986518,32.58
507,2002,NURI,20061209,16.6,117.95,18,2.0775800000000002e-05,999.0,17.5,4.79,14.4789480001,395.0475453695,18.27
508,2002,NURI,20061212,16.8,117.6,21,2.1019e-05,998.0,35.0,3.95,14.4677759003,438.1224910261,3.87
509,2002,NURI,20061215,17.15,117.15,24,2.14439e-05,998.0,35.0,2.41,20.5478775451,498.9086882186,4.14
510,2015,LINFA,20100706,13.8,124.8,-24,1.73466e-05,1004.0,0.0,1.27,0.0,416.7296209396,31.71
511,2015,LINFA,20100709,13.8,124.55,-21,1.73466e-05,1005.0,0.0,1.5899999999999999,9.0088477943,390.4410015905,32.85
512,2015,LINFA,20100712,13.8,124.3,-18,1.73466e-05,1006.0,0.0,1.6,9.0088477943,364.2604048918,20.67
513,2015,LINFA,20100715,13.75,124.1,-15,1.7285e-05,1006.0,0.0,1.79,7.4420894198,345.031754325,13.17
514,2015,LINFA,20100718,13.7,123.9,-12,1.7223400000000002e-05,1006.0,0.0,1.1,7.4435771835,326.1789891394,12.24
515,2015,LINFA,20100721,13.45,123.25,-9,1.69149e-05,1007.0,0.0,1.11,25.2145802847,273.1315601563,14.01
516,2015,LINFA,20100800,13.2,122.6,-6,1.66061e-05,1008.0,0.0,1.04,25.237124592,232.6159276405,16.47
517,2015,LINFA,20100803,13.05,121.9,-3,1.64207e-05,1007.0,0.0,2.14,25.9048481175,199.7336855887,17.43
518,2015,LINFA,20100806,12.9,121.2,0,1.62352e-05,1006.0,0.0,2.91,25.919757465300002,194.2203015757,19.56
519,2015,LINFA,20100809,12.85,120.15,3,1.61733e-05,1007.0,0.0,3.02,38.0310422738,221.4033808743,27.06
520,2015,LINFA,20100812,12.8,119.1,6,1.61115e-05,1008.0,0.0,2.37,38.0385804806,293.8867659811,25.41
521,2015,LINFA,20100815,12.75,118.55,9,1.60496e-05,1007.0,0.0,2.9699999999999998,19.9910749681,342.721901384,29.61
522,2015,LINFA,20100818,12.7,118.0,12,1.59877e-05,1006.0,0.0,2.2,19.994980938,394.6722263554,50.34
523,2015,LINFA,20100821,12.75,117.4,15,1.60496e-05,1006.0,0.0,1.6099999999999999,21.7935345984,447.9523096392,49.89
524,2015,LINFA,20100900,12.8,116.8,18,1.61115e-05,1006.0,0.0,1.37,21.7892541176,504.0482791069,34.47
525,2015,LINFA,20100903,13.0,116.25,21,1.63589e-05,1005.0,0.0,1.85,21.2169475815,551.0143545577,30.39
526,2015,LINFA,20100906,13.2,115.7,24,1.66061e-05,1004.0,0.0,1.7000000000000002,21.2018284972,600.8871531028,20.82
527,2017,SAUDEL,20101915,14.6,126.65,-24,1.8331e-05,1002.0,0.0,3.38,0.0,603.9574425936,5.16
528,2017,SAUDEL,20101918,15.0,126.0,-21,1.88219e-05,1002.0,0.0,1.92,27.5988161722,534.398492226,8.16
529,2017,SAUDEL,20101921,15.25,125.25,-18,1.91282e-05,1001.0,17.5,1.94,28.3978361434,456.7396032385,6.6
530,2017,SAUDEL,20102000,15.5,124.5,-15,1.94341e-05,1000.0,35.0,1.77,28.3674201089,382.7469581641,8.88
531,2017,SAUDEL,20102003,15.6,123.75,-12,1.95564e-05,998.0,35.0,1.72,27.0587306482,308.9676356021,9.15
532,2017,SAUDEL,20102006,15.7,123.0,-9,1.96786e-05,996.0,35.0,1.5899999999999999,27.0457523971,240.2007443302,12.96
533,2017,SAUDEL,20102009,15.75,122.4,-6,1.97397e-05,996.0,35.0,1.9,21.5076799823,190.2404737155,18.36
534,2017,SAUDEL,20102012,15.8,121.8,-3,1.9800800000000002e-05,996.0,35.0,2.73,21.5024178463,151.7606309758,27.66
535,2017,SAUDEL,20102015,15.95,120.8,0,1.99839e-05,996.0,35.0,3.24,36.106863707,147.3048942294,19.71
536,2017,SAUDEL,20102018,16.1,119.8,3,2.01669e-05,996.0,35.0,4.99,36.0803690767,209.3229627968,22.86
537,2017,SAUDEL,20102021,16.05,119.3,6,2.01059e-05,996.0,35.0,5.45,17.9257328669,243.2224973755,23.88
538,2017,SAUDEL,20102100,16.0,118.8,9,2.0044900000000002e-05,996.0,35.0,5.22,17.9301782893,283.3764932957,17.76
539,2017,SAUDEL,20102103,16.1,118.3,12,2.01669e-05,993.0,40.0,4.84,18.205354585,335.0136457461,7.23
540,2017,SAUDEL,20102106,16.2,117.8,15,2.02888e-05,990.0,45.0,5.3,18.1965379164,387.3863492835,6.36
541,2017,SAUDEL,20102109,16.0,117.6,18,2.0044900000000002e-05,987.5,50.0,5.39,10.2774632661,398.0587261248,8.04
542,2017,SAUDEL,20102112,15.8,117.4,21,1.9800800000000002e-05,985.0,55.0,5.52,10.2823577183,410.8465162383,9.33
543,2017,SAUDEL,20102115,15.9,116.95,24,1.9922900000000002e-05,985.0,55.0,4.54,16.4796179573,459.9175054681,10.08
544,2018,MOLAVE,20102421,13.4,126.9,-24,1.68532e-05,993.0,47.5,1.24,0.0,649.013077269,36.96
545,2018,MOLAVE,20102500,13.4,126.4,-21,1.68532e-05,992.0,50.0,1.34,18.0481525697,596.217878003,26.31
546,2018,MOLAVE,20102503,13.4,125.55,-18,1.68532e-05,988.5,55.0,1.54,30.6818593685,507.119449936,11.94
547,2018,MOLAVE,20102506,13.4,124.7,-15,1.68532e-05,985.0,60.0,1.45,30.6818593685,419.2961863099,2.01
548,2018,MOLAVE,20102509,13.35,123.95,-12,1.67914e-05,980.0,65.0,2.06,27.1409322375,345.9700140842,3.51
549,2018,MOLAVE,20102512,13.3,123.2,-9,1.67297e-05,975.0,70.0,2.5700000000000003,27.1465163971,277.124571384,12.57
550,2018,MOLAVE,20102515,13.2,122.5,-6,1.66061e-05,975.0,70.0,2.79,25.5573520237,224.8813303424,20.4
551,2018,MOLAVE,20102518,13.1,121.8,-3,1.64825e-05,975.0,70.0,3.58,25.5675556555,189.9025535795,19.92
552,2018,MOLAVE,20102521,13.15,121.1,0,1.65444e-05,975.0,70.0,5.06,25.3609620438,165.8505467176,27.3
553,2018,MOLAVE,20102600,13.2,120.4,3,1.66061e-05,975.0,70.0,6.73,25.355809563,174.7219980576,62.85
554,2018,MOLAVE,20102603,13.3,119.6,6,1.67297e-05,975.0,67.5,9.56,29.1248408401,216.0796883139,24.75
555,2018,MOLAVE,20102606,13.4,118.8,9,1.68532e-05,975.0,65.0,11.81,29.1129760161,279.4221606,10.38
556,2018,MOLAVE,20102609,13.4,118.15,12,1.68532e-05,970.0,70.0,8.27,23.4625983406,342.3961543199,8.25
557,2018,MOLAVE,20102612,13.4,117.5,15,1.68532e-05,965.0,75.0,6.74,23.4625983406,407.8019035362,19.26
558,2018,MOLAVE,20102615,13.4,116.75,18,1.68532e-05,960.0,77.5,5.62,27.0722288546,485.0064766416,51.33
559,2018,MOLAVE,20102618,13.4,116.0,21,1.68532e-05,955.0,80.0,5.26,27.0722288546,563.3404588644,13.29
560,2018,MOLAVE,20102621,13.4,115.2,24,1.68532e-05,952.5,82.5,4.1,28.8770441115,647.6799019793,10.62
561,2019,GONI,20103112,14.2,126.5,-24,1.78393e-05,915.0,115.0,5.18,0.0,590.8878920242,19.47
562,2019,GONI,20103115,14.0,125.75,-21,1.75931e-05,910.0,117.5,4.66,27.9982450154,513.3332430505,35.34
563,2019,GONI,20103118,13.8,125.0,-18,1.73466e-05,905.0,120.0,3.49,28.0207424487,437.8252196858,33.93
564,2019,GONI,20103121,13.65,124.3,-15,1.7161700000000002e-05,925.0,110.0,3.11,25.8435225957,369.1037168468,40.74
565,2019,GONI,20110100,13.5,123.6,-12,1.69766e-05,945.0,100.0,3.1,25.8591069563,304.415444952,27.96
566,2019,GONI,20110103,13.6,122.75,-9,1.71e-05,962.5,80.0,3.42,30.8785013729,217.9331137758,31.17
567,2019,GONI,20110106,13.7,121.9,-6,1.7223400000000002e-05,980.0,60.0,3.55,30.8656052212,139.7879714831,25.89
568,2019,GONI,20110109,14.0,121.6,-3,1.75931e-05,988.0,52.5,3.7,15.4857020202,93.3337997298,28.53
569,2019,GONI,20110112,14.3,121.3,0,1.79623e-05,996.0,45.0,6.55,15.4758333513,47.0976020879,61.59
570,2019,GONI,20110115,14.4,120.4,3,1.80852e-05,998.0,40.0,6.99,32.557465417,74.4836223845,30.03
571,2019,GONI,20110118,14.5,119.5,6,1.82081e-05,1000.0,35.0,6.29,32.5430162455,167.1316754666,9.48
572,2019,GONI,20110121,14.65,118.95,9,1.83924e-05,1000.0,35.0,6.12,20.5098416109,225.4933703426,14.97
573,2019,GONI,20110200,14.8,118.4,12,1.85765e-05,1000.0,35.0,3.19,20.4967741424,285.0604575618,7.8
574,2019,GONI,20110203,14.95,118.0,15,1.87605e-05,1000.0,35.0,4.84,15.3762060546,329.1155131998,2.22
575,2019,GONI,20110206,15.1,117.6,18,1.89444e-05,1000.0,35.0,3.68,15.3668205389,373.5641208127,0.33
576,2019,GONI,20110209,15.1,117.2,21,1.89444e-05,1000.0,35.0,3.19,14.3301228859,416.1983544515,0.5700000000000001
577,2019,GONI,20110212,15.1,116.8,24,1.89444e-05,1000.0,35.0,2.99,14.3301228859,458.899043072,1.05
578,2021,ETAU,20110700,11.3,127.8,-24,1.42496e-05,1008.0,0.0,2.09,0.0,825.587312273,0.12
579,2021,ETAU,20110703,11.75,126.85,-21,1.48092e-05,1007.0,0.0,2.09,38.3163696923,709.6059258193,0.42
580,2021,ETAU,20110706,12.2,125.9,-18,1.5368000000000003e-05,1006.0,0.0,2.08,38.2647138722,593.9021513915,0.30000000000000004
581,2021,ETAU,20110709,12.6,124.8,-15,1.5863800000000002e-05,1005.0,0.0,2.76,42.4930185218,466.8526008602,1.5
582,2021,ETAU,20110712,13.0,123.7,-12,1.63589e-05,1004.0,0.0,3.64,42.433895163,340.9926993661,2.61
583,2021,ETAU,20110715,13.0,123.15,-9,1.63589e-05,1004.0,0.0,3.59,19.8855029003,292.3329329859,8.82
584,2021,ETAU,20110718,13.0,122.6,-6,1.63589e-05,1004.0,0.0,2.74,19.8855029003,248.5133084083,20.25
585,2021,ETAU,20110721,12.9,122.05,-3,1.62352e-05,1005.0,0.0,2.63,20.2344284975,222.1645967017,10.08
586,2021,ETAU,20110800,12.8,121.5,0,1.61115e-05,1006.0,0.0,3.3,20.2422151406,210.4855287275,24.93
587,2021,ETAU,20110803,12.75,120.75,3,1.60496e-05,1005.0,0.0,3.51,27.2065835076,212.5282329867,28.56
588,2021,ETAU,20110806,12.7,120.0,6,1.59877e-05,1004.0,0.0,4.09,27.2119205311,243.639054272,13.29
589,2021,ETAU,20110809,12.7,119.1,9,1.59877e-05,1003.0,0.0,4.25,32.578802605,301.7740984014,7.44
590,2021,ETAU,20110812,12.7,118.2,12,1.59877e-05,1002.0,0.0,5.16,32.578802605,376.669662955,11.22
591,2021,ETAU,20110815,12.8,116.8,15,1.61115e-05,1000.0,17.5,4.85,50.7929829234,504.0482791069,15.93
592,2021,ETAU,20110818,12.9,115.4,18,1.62352e-05,998.0,35.0,4.73,50.7728726019,642.2339901035,24.81
593,2021,ETAU,20110821,12.85,114.2,21,1.61733e-05,997.0,37.5,4.28,43.452001762,768.9604439607,9.06
594,2021,ETAU,20110900,12.8,113.0,24,1.61115e-05,996.0,40.0,2.58,43.4606192742,896.813485641,24.66
595,2022,VAMCO,20111018,14.5,125.7,-24,1.82081e-05,990.0,55.0,1.43,0.0,502.079634223,7.5
596,2022,VAMCO,20111021,14.55,125.15,-21,1.8269600000000002e-05,982.5,60.0,1.43,19.8404371986,442.5730084348,12.21
597,2022,VAMCO,20111100,14.6,124.6,-18,1.8331e-05,975.0,65.0,1.73,19.8359751708,383.1325845421,8.1
598,2022,VAMCO,20111103,14.5,124.05,-15,1.82081e-05,972.5,67.5,2.24,20.1017741542,324.3917150778,6.84
599,2022,VAMCO,20111106,14.4,123.5,-12,1.80852e-05,970.0,70.0,2.6,20.1105088654,266.2196190435,14.85
600,2022,VAMCO,20111109,14.6,123.15,-9,1.8331e-05,967.5,72.5,3.93,14.5836422583,226.9525186974,29.43
601,2022,VAMCO,20111112,14.8,122.8,-6,1.85765e-05,965.0,75.0,5.77,14.5737512686,189.819163877,5.7
602,2022,VAMCO,20111115,14.95,122.05,-3,1.87605e-05,967.5,72.5,7.45,27.4543974499,113.4444022055,21.96
603,2022,VAMCO,20111118,15.1,121.3,0,1.89444e-05,970.0,70.0,10.49,27.4359045756,57.6537111884,92.76
604,2022,VAMCO,20111121,15.15,120.45,3,1.90057e-05,977.5,62.5,11.08,30.5004581759,85.0153023414,71.49
605,2022,VAMCO,20111200,15.2,119.6,6,1.9066900000000002e-05,985.0,55.0,11.91,30.493266622,166.9288134646,87.84
606,2022,VAMCO,20111203,15.2,119.05,9,1.9066900000000002e-05,982.5,57.5,11.18,19.6946098748,222.8961918139,74.67
607,2022,VAMCO,20111206,15.2,118.5,12,1.9066900000000002e-05,980.0,60.0,8.47,19.6946098748,280.1463791159,53.85
608,2022,VAMCO,20111209,15.15,117.9,15,1.90057e-05,980.0,60.0,7.24,21.5695571459,342.434940014,38.97
609,2022,VAMCO,20111212,15.1,117.3,18,1.89444e-05,980.0,60.0,6.42,21.5746077486,405.5327465986,35.79
610,2022,VAMCO,20111215,15.15,116.8,21,1.90057e-05,980.0,60.0,5.62,18.0036826866,459.4377655617,17.13
611,2022,VAMCO,20111218,15.2,116.3,24,1.9066900000000002e-05,980.0,60.0,4.96,17.9994671726,513.3196838425,11.43
